币种,流通市值,全球指数,24H成交额,流通数量,24H涨幅
USDT-泰达币,¥128.01亿,¥6.8956,¥153.88亿,18.56亿,-0.13%
BNB-币安币,¥44.29亿,¥33.8626,¥1.12亿,1.31亿,+5.21%
HT-火币积分,¥22.58亿,¥7.5272,"¥3,666.64万",3亿*,+3.09%
ONT-本体,¥21.12亿,¥3.5344,¥1.04亿,5.97亿*,+11.16%
MKR-Maker,¥17.93亿,¥2461.88,"¥1,235.63万",72.82万,+4.40%
OMG-嫩模币,¥11.79亿,¥8.4087,¥6.12亿,1.4亿,+4.04%
TUSD-True USD,¥11亿,¥6.9427,¥1.21亿,1.58亿,-0.40%
ZRX-0x协议,¥10.85亿,¥1.9659,"¥4,333.98万",5.52亿,+1.71%
XUC-雪币,¥9.54亿,¥14.6707,¥54.79万,"6,500万",+0.61%
BAT-注意力币,¥9.33亿,¥0.9328,"¥3,578.39万",10亿,+3.17%
ZIL-Zilliqa,¥7.17亿,¥0.094689,"¥3,271.53万",75.76亿,+3.82%
R-Revain,¥5.96亿,¥1.2312,"¥1,502.52万",4.84亿,+47.11%
AE-阿姨币,¥5.76亿,¥2.4735,¥1.99亿,2.33亿,+4.29%
LINK-ChainLink,¥5.33亿,¥1.5227,"¥2,491.72万",3.5亿,+2.41%
QASH-QASH,¥4.62亿,¥1.3192,"¥1,442.88万",3.5亿,+0.81%
REP-Augur,¥4.56亿,¥41.4438,¥976.25万,"1,100万",+3.17%
PPT-Populous,¥4.43亿,¥8.3145,¥261.01万,"5,325.22万",+5.14%
DAI-DAI,¥4.38亿,¥7.1380,"¥6,691.5万","6,132.77万",+0.35%
GNT-Golem,¥3.93亿,¥0.4096,"¥1,029.33万",9.6亿,+3.52%
SNT-Status,¥3.5亿,¥0.1009,"¥4,441.42万",34.7亿,+1.79%
MANA-Decentraland,¥3.42亿,¥0.3254,"¥4,764.76万",10.5亿,+2.84%
ARDR-阿朵币,¥3.32亿,¥0.3319,¥486.27万,9.99亿*,+5.55%
KCS-Kucoin Shares,¥3.18亿,¥3.5226,¥53.6万,"9,033.44万",+6.22%
POLY-Polymath Network,¥2.76亿,¥0.9618,"¥1,684.42万",2.87亿,+2.44%
DCN-Dentacoin,¥2.51亿,¥0.000767,¥10.72万,"3,268.22亿",+9.83%
MGO-MobileGo,¥2.5亿,¥2.5019,"¥6,619.6万","9,999.86万",+21.39%
QKC-QuarkChain,¥2.47亿,¥0.3086,"¥2,735.99万",8.02亿,+2.75%
IOST-Internet of Services,¥2.44亿,¥0.029049,"¥3,301.24万",84亿*,+8.79%
ODE-ODEM,¥2.31亿,¥1.0588,¥381.37万,2.18亿,-1.57%
ELF-ælf,¥2.18亿,¥0.7278,"¥2,491.53万",3亿,+4.93%
AION-Aion,¥2.15亿,¥0.8109,¥703.49万,2.65亿,+1.29%
BNT-Bancor,¥2.13亿,¥3.3751,¥689万,"6,325.68万",+3.64%
MCO-Crypto.com,¥2.03亿,¥12.8668,¥251.31万,"1,579.38万",+6.02%
LRC-路印协议,¥1.92亿,¥0.2432,¥344.07万,7.89亿,+4.35%
DGD-黄金代币,¥1.84亿,¥92.1778,¥136.19万,200万,+0.02%
POWR-Power Ledger,¥1.82亿,¥0.4630,¥599.66万,3.92亿,+2.16%
DAC-达芬奇,¥1.77亿,¥0.067163,"¥1,753.97万",26.4亿*,+7.18%
CENNZ-Centrality,¥1.7亿,¥0.2126,¥17万,8.02亿,+3.75%
ENJ-恩金币,¥1.7亿,¥0.2231,"¥2,337.12万",7.61亿,-4.23%
LOOM-Loom Network,¥1.67亿,¥0.2750,¥765.64万,6.06亿,+1.02%
VERI-Veritaseum,¥1.65亿,¥80.8206,¥339.06万,203.66万,+12.56%
CREDO-Credo,¥1.61亿,¥0.2936,¥29603.91,5.5亿,+2.52%
BOS-BOScoin,¥1.58亿,¥0.3458,¥17.16万,4.57亿*,+13.65%
KIN-Kin,¥1.5亿,¥0.000199,¥68.74万,"7,560.98亿",+4.39%
SWM-Swarm,¥1.44亿,¥2.0906,¥153.89万,"6,882.71万",+6.84%
BIX-BIX Token,¥1.44亿,¥1.1218,¥686.52万,1.28亿*,-0.67%
EDO-Eidoo,¥1.42亿,¥4.8459,¥206.8万,"2,926.15万",+1.39%
SLT-Smartlands,¥1.4亿,¥27.4489,¥617.47万,510.09万,+13.78%
AGI-SingularityNET,¥1.38亿,¥0.2548,¥167.51万,5.4亿,+4.53%
FUN-FunFair,¥1.3亿,¥0.025871,¥202.96万,50.11亿,+3.65%
SRN-Sirin Labs,¥1.24亿,¥0.2514,¥199.91万,4.92亿,+3.14%
GAS-Gas,¥1.23亿,¥12.1619,¥100.48万,"1,012.84万",+3.88%
STORJ-Storj,¥1.22亿,¥0.8988,"¥1,061.19万",1.36亿,+7.33%
DRGN-龙链,¥1.19亿,¥0.5003,¥16.76万,2.38亿,+7.94%
CVC-Civic,¥1.18亿,¥0.3450,"¥2,353.03万",3.43亿,+2.25%
KNC-Kyber Network,¥1.18亿,¥0.8801,"¥6,760.59万",1.34亿,+3.88%
SXDT-SXDT,¥1.14亿,¥1.3870,¥44.4429,"8,207.35万",-14.60%
SALT-SALT,¥1.13亿,¥1.4043,¥229.63万,"8,073.45万",+2.27%
CMT-草莓糖,¥1.11亿,¥0.1580,"¥1,001.91万",7亿,+0.40%
ENG-Enigma,¥1.1亿,¥1.4722,¥194.09万,"7,483.62万",-0.36%
DENT-Dentcoin,¥1.1亿,¥0.006383,¥154.95万,172.41亿,+8.33%
CS-Credits,¥1.09亿,¥0.7174,¥664.24万,1.52亿,+3.21%
GVT-Genesis Vision,¥1.07亿,¥24.1548,"¥1,844.91万",442.69万,+7.35%
DTR-DTR,¥1.07亿,¥0.087522,¥2775.36,12.17亿,+0.41%
SUB-Substratum,¥1.05亿,¥0.2754,¥163.46万,3.83亿,-0.88%
PLR-Pillar,¥1.04亿,¥0.4009,¥33339.24,2.59亿,+4.02%
REQ-Request Network,¥1.03亿,¥0.1411,¥98.01万,7.3亿,+5.18%
CTXC-Cortex,¥1.02亿,¥0.6789,¥929.48万,1.5亿,+4.09%
SAN-Santiment Network Token,"¥9,858.35万",¥1.5733,¥199.69万,"6,266.04万",+3.04%
TEN-Tokenomy,"¥9,831.87万",¥0.4916,¥12.14万,2亿,+5.80%
ICN-Iconomi,"¥9,748.49万",¥0.9854,¥42593.52,"9,893.03万",-0.85%
DROP-Dropil,"¥9,383.3万",¥0.004254,¥39.66万,220.56亿,-5.61%
FSN-Fusion,"¥9,321.96万",¥3.1404,¥226.52万,"2,968.43万",+0.56%
RLC-云算宝,"¥9,237.44万",¥1.1537,¥145.86万,"8,007.08万",+5.50%
CND-Cindicator,"¥9,180.92万",¥0.063493,¥98.23万,14.46亿,+4.95%
RNT-Oneroot,"¥9,096.78万",¥0.3762,¥489.68万,2.42亿*,+1.40%
TKY-THEKEY,"¥9,061.19万",¥0.017907,¥65.2万,50.6亿,+8.62%
STORM-Storm,"¥8,960.14万",¥0.019618,¥815.99万,45.67亿,-3.50%
BFT-BnkToTheFuture,"¥8,738.98万",¥0.1387,¥75.86万,6.3亿,-1.50%
REN-Republic Protocol,"¥8,669.06万",¥0.1383,¥666.94万,6.27亿,+3.65%
GNO-Gnosis,"¥8,618.42万",¥78.0237,¥87.01万,110.46万,+3.32%
C20-CRYPTO20,"¥8,613.45万",¥2.1411,¥15211.13,"4,022.86万",+11.64%
NEU-Neumark,"¥8,607.96万",¥1.8662,¥5274.70,"4,612.52万",+4.93%
GTO-Gifto,"¥8,092.37万",¥0.1522,¥667.66万,5.32亿,+3.84%
DMT-DMarket,"¥8,018.71万",¥1.5968,¥457.87万,"5,021.61万",+2.56%
POE-Po.et,"¥7,756.75万",¥0.032082,¥130.92万,24.18亿,+4.76%
OCN-Ocoin,"¥7,700.12万",¥0.016211,"¥1,286.61万",47.5亿,+0.37%
BRD-Bread,"¥7,489.4万",¥1.2638,¥65.29万,"5,926.27万",+4.30%
TRUE-初链,"¥7,372.76万",¥1.6384,¥1.45亿,"4,500万",+4.76%
ANT-阿拉贡,"¥7,232.86万",¥2.4853,¥56.64万,"2,910.27万",+2.87%
TOMO-TomoChain,"¥7,183.44万",¥1.3150,¥595.32万,"5,462.67万",+6.44%
UTK-UTRUST,"¥6,875.11万",¥0.1528,¥65.48万,4.5亿,+3.65%
AGRS-IDNI Agoras,"¥6,573.98万",¥1.5657,¥39.93万,"4,198.8万",-17.99%
SAFEX-Safe Exchange Coin,"¥6,378.44万",¥0.041334,¥23741.15,15.43亿,+1.20%
SMT-SmartMesh,"¥6,150.81万",¥0.043508,¥45.59万,14.14亿,+2.88%
UTT-UTT,"¥6,104.77万",¥1.6342,¥1734.16,"3,735.55万",+0.02%
MED-Medibloc,"¥6,020.69万",¥0.020296,¥43648.50,29.66亿,+8.07%
QRL-QRL,"¥5,952.22万",¥1.1447,¥13139.53,"5,200万",+4.76%
AMB-Ambrosus,"¥5,934.13万",¥0.4104,¥141.63万,1.45亿,+4.69%
RDN-雷电网络,"¥5,866.58万",¥1.1682,¥376.5万,"5,021.89万",+1.85%
EDG-网络黄金,"¥5,770.59万",¥0.5899,¥45.75万,"9,781.87万",+15.72%
CRPT-Crypterium,"¥5,735.73万",¥0.7179,¥215.73万,"7,989.65万",+17.92%
QSP-Quantstamp,"¥5,715.44万",¥0.092586,¥70.31万,6.17亿,+5.52%
BAX-BABB,"¥5,705.11万",¥0.002717,¥15.94万,210亿,+8.21%
LEND-EthLend,"¥5,523.37万",¥0.050204,¥428.5万,11亿,+3.74%
HPB-芯链,"¥5,327.49万",¥1.5902,¥920.88万,"3,350.26万*",+0.22%
RUFF-RUFF Token,"¥5,319.52万",¥0.061018,¥618.69万,8.72亿,+6.15%
BITCNY-比特元,"¥5,312.31万",¥1.0142,¥1.63亿,"5,237.97万",+0.67%
BLZ-Bluzelle,"¥5,274.68万",¥0.2883,¥396.72万,1.83亿,+1.23%
VEE-BLOCKv,"¥5,242.35万",¥0.022465,¥36596.40,23.34亿,+1.48%
MTL-Metal,"¥5,051.64万",¥1.5396,¥554.62万,"3,281.07万",-0.37%
PGL-Prospectors Gold,"¥4,911.73万",¥0.7615,--,"6,450万",+2.04%
BQX-Bitquence,"¥4,877.84万",¥0.6347,¥173.21万,"7,685.31万*",+0.82%
TNB-Time New Bank,"¥4,872.38万",¥0.021544,¥982.89万,22.62亿*,+4.00%
CVT-数脉链,"¥4,805.41万",¥0.045317,¥31.19万,10.6亿,+15.04%
WINGS-Wings,"¥4,715.41万",¥0.4839,¥239.28万,"9,744.36万",+6.93%
WABI-蛙币,"¥4,685.93万",¥0.8737,"¥1,288.29万","5,363.57万",+21.12%
LOC-LockChain,"¥4,673.18万",¥5.0287,¥85.6万,929.3万,+3.77%
DNT-district0x,"¥4,662.1万",¥0.077702,¥223.87万,6亿,+1.80%
ADX-AdEx,"¥4,647.05万",¥0.6328,"¥1,209.19万","7,343.07万",+7.72%
PRG-Paragon,"¥4,633.14万",¥0.7027,¥23.12万,"6,593.66万",-2.28%
SNM-SONM,"¥4,613.19万",¥0.1283,¥81.89万,3.6亿,+6.85%
CAS-Cashaa,"¥4,560.38万",¥0.075459,¥35.14万,6.04亿,+4.02%
INT-英特币,"¥4,524.57万",¥0.1531,¥693.22万,2.95亿,-7.37%
MOBI-Mobius,"¥4,464.05万",¥0.086667,¥10338.87,5.15亿,+20.01%
ABT-区块基石,"¥4,457.18万",¥0.4783,"¥5,343.25万","9,319.66万",+18.54%
DPN-DIPNET,"¥4,434.06万",¥0.008868,¥214.76万,50亿,+9.20%
NGC-NAGA,"¥4,426.01万",¥0.7421,¥11.96万,"5,963.97万",-2.71%
TEL-Telcoin,"¥4,349.46万",¥0.001246,¥26.54万,349.04亿,0%
YLB-引力波,"¥4,347.59万",¥0.3961,¥90.83万,1.1亿*,+8.83%
COV-Covesting,"¥4,220.84万",¥2.4119,¥50091.93,"1,750万",+5.79%
PRS-PressOne,"¥4,054.88万",¥0.1786,¥17791.28,2.27亿*,+3.12%
VIBE-VIBEHub,"¥4,038.13万",¥0.1553,¥94.38万,2.6亿,+6.12%
TRAC-Trace,"¥4,009.43万",¥0.1405,¥59315.26,2.85亿,+1.92%
MOD-Modum,"¥3,973.17万",¥2.1751,¥32.63万,"1,826.62万",+5.52%
RCN-RCN,"¥3,938.77万",¥0.080125,¥28.6万,4.92亿,+4.88%
ITC-万物链,"¥3,911.39万",¥0.7823,"¥1,922.46万","5,000万*",+7.59%
SNGLS-SingularDTV,"¥3,774.04万",¥0.062901,¥135.44万,6亿,+4.01%
TNT-Tierion,"¥3,760.97万",¥0.087774,¥224.37万,4.28亿,+4.49%
HYDRO-Hydrogen,"¥3,619.37万",¥0.012378,¥539.91万,29.24亿,+3.26%
MWAT-Restart Energy MWAT,"¥3,400.23万",¥0.081398,¥18537.42,4.18亿*,+4.03%
QLC-Qlink,"¥3,299.69万",¥0.1375,¥81.91万,2.4亿,+7.20%
CDT-Blox,"¥3,234.76万",¥0.049297,¥384.86万,6.56亿*,+2.78%
PRE-Presearch,"¥3,213.63万",¥0.2073,¥13.89万,1.55亿,+7.79%
SPHTX-SophiaTX,"¥3,193.35万",¥0.1653,¥43.21万,1.93亿,+13.66%
IHT-云产币,"¥3,181.87万",¥0.056919,¥79.73万,5.59亿,+7.20%
MTC-Docademic,"¥3,142.75万",¥0.1170,¥37430.18,2.69亿,+9.14%
LYM-Lympo,"¥3,122.39万",¥0.041447,¥90.24万,7.53亿,+1.36%
TIX-Blocktix,"¥3,043.27万",¥0.7608,¥28163.03,"4,000万",+7.94%
STQ-Storiqa,"¥3,029.68万",¥0.003085,¥114.24万,98.21亿,+6.17%
MER-Mercury,"¥3,003.88万",¥0.3004,¥14344.96,1亿,+4.75%
MDS-MediShares,"¥2,993.42万",¥0.029934,¥88270.13,10亿,+1.01%
PLBT-Polybius,"¥2,938.22万",¥7.4019,¥12353.96,396.96万,+20.43%
PST-Primas,"¥2,937.43万",¥0.5575,¥517.86万,"5,269.26万",-18.52%
B2B-B2BX,"¥2,934.92万",¥1.7799,¥11.7万,"1,648.96万",+3.49%
MSP-Mothership,"¥2,912.04万",¥0.2080,¥95480.03,1.4亿,+0.97%
LA-LAToken,"¥2,780.23万",¥0.3431,¥2344.06,"8,103.73万",+5.84%
UTNP-Universa,"¥2,776.02万",¥0.015016,¥81.1166,18.49亿,+13.37%
EVX-Everex,"¥2,764.22万",¥1.3769,¥121.88万,"2,007.5万",+6.56%
FUEL-EtherParty,"¥2,720.39万",¥0.051471,¥127.54万,5.29亿,+6.38%
NMR-Numeraire,"¥2,695.76万",¥19.9785,¥84858.84,134.93万,+8.69%
YOYOW-YOYOW,"¥2,680.17万",¥0.089339,¥233.53万,3亿,+3.23%
COB-Cobinhood,"¥2,649.6万",¥0.067878,¥10.07万,3.9亿,+20.00%
AST-AirSwap,"¥2,648.49万",¥0.1766,¥199.22万,1.5亿,+9.18%
VIB-Viberate,"¥2,635.49万",¥0.1472,¥459.37万,1.79亿,+6.40%
APPC-AppCoins,"¥2,613.95万",¥0.2613,¥216.06万,1亿,+3.96%
XAUR-Xaurum,"¥2,596.96万",¥0.2717,¥92726.69,"9,557.97万",+6.09%
XRL-Rialto,"¥2,590.88万",¥0.3153,¥1820.98,"8,217.56万",+7.90%
TAU-Lamden,"¥2,590.7万",¥0.1822,¥20万,1.42亿,-1.48%
MTH-Monetha,"¥2,583.3万",¥0.1184,¥91.85万,2.18亿,+5.77%
TFD-TE-FOOD,"¥2,562.82万",¥0.050640,¥54628.04,5.06亿,+3.06%
GNX-Genaro Network,"¥2,547.96万",¥0.1054,"¥1,487.22万",2.42亿*,-4.24%
MLN-Melon,"¥2,514.34万",¥32.3081,¥22361.51,77.82万,-0.86%
ENU-牛油果,"¥2,488.06万",¥0.062201,¥38847.63,4亿*,+1.82%
CHSB-SwissBorg,"¥2,475.09万",¥0.042984,¥26.56万,5.76亿,+8.58%
SPANK-SpankChain,"¥2,440.44万",¥0.081336,¥67875.87,3亿,+2.42%
CPC-物信链,"¥2,384.69万",¥0.082582,¥38.59万,2.89亿,+14.87%
NANJ-NANJCOIN,"¥2,384.41万",¥0.001231,¥19054.83,193.62亿,+0.82%
EVR-Everus,"¥2,342.84万",¥0.046217,¥27468.33,5.07亿,+3.31%
HAV-Havven,"¥2,337.45万",¥0.3486,¥6251.78,"6,706.08万",-6.64%
SWTH-Switcheo,"¥2,308.95万",¥0.024541,¥14500.73,9.41亿,+1.99%
UIP-未来版权,"¥2,235.63万",¥0.016684,¥105.01万,13.4亿,-8.07%
LUN-Lunyr,"¥2,213.86万",¥9.6345,¥43.46万,229.79万,+4.78%
PEPECASH-Pepe Cash,"¥2,187.53万",¥0.031166,--,7.02亿,-0.24%
ARN-Aeron,"¥2,178.82万",¥1.6760,¥430.13万,"1,300万",+5.45%
ADT-AdToken,"¥2,103.01万",¥0.035050,¥95.94万,6亿,+2.30%
INK-墨链,"¥2,059.19万",¥0.041184,¥235.47万,5亿,-26.41%
ZPT-Zeepin,"¥1,950.85万",¥0.039017,¥37.21万,5亿,-8.14%
KICK-KickCoin,"¥1,938.79万",¥0.035736,¥29.48万,5.43亿,+6.64%
DBC-深脑链,"¥1,936.66万",¥0.012911,¥490.38万,15亿,+0.22%
XDCE-XinFin Network,"¥1,931.54万",¥0.004978,¥27.53万,38.8亿,+10.01%
DLT-Agrello,"¥1,925.16万",¥0.2239,¥80.82万,"8,597.89万",+8.95%
CAG-Change,"¥1,919.26万",¥0.5172,¥13.62万,"3,711万",+4.79%
BEZ-Bezop,"¥1,829.25万",¥0.3625,¥565.36万,"5,046.89万",-3.04%
AURA-Aurora DAO,"¥1,805.44万",¥0.1183,¥20032.68,1.53亿,+5.72%
1ST-第一滴血,"¥1,803.33万",¥0.2108,¥57.48万,"8,555.84万",-2.49%
DICE-Etheroll,"¥1,799.72万",¥2.5704,¥74758.05,700.16万,+7.06%
IXT-iXledger,"¥1,778.64万",¥0.4971,¥10.38万,"3,577.88万",+6.26%
SENT-Sentinel,"¥1,769.44万",¥0.008847,¥25.24万,20亿,+4.58%
SEN-Consensus,"¥1,765.11万",¥0.010993,¥16.51万,16.06亿,-2.47%
DADI-DADI,"¥1,756.78万",¥0.2349,¥89.52万,"7,479.56万",+8.03%
DOV-Dovu,"¥1,736.85万",¥0.043448,¥70888.27,4亿,+131.03%
SOAR-飙升币,"¥1,705.92万",¥0.015791,¥22077.47,10.8亿,-10.31%
LND-Lendingblock,"¥1,677.19万",¥0.027754,¥81.5万,6.04亿,+13.62%
BMC-Blackmoon Crypto,"¥1,662.92万",¥0.7837,¥209.75万,"2,121.99万*",+6.22%
ZCO-Zebi,"¥1,625.48万",¥0.032510,¥110.02万,5亿,+7.29%
BCPT-Blockmason,"¥1,610.27万",¥0.2195,¥51.96万,"7,334.85万",+5.83%
PCL-Peculium,"¥1,592.99万",¥0.008107,¥56.38万,19.65亿,+7.57%
ELEC-Electrify.Asia,"¥1,509.44万",¥0.031755,¥23.96万,4.75亿,+3.00%
DIM-DIMCOIN,"¥1,509.36万",¥0.007179,¥102.62万,21.02亿,+0.34%
PRO-Propy,"¥1,503.47万",¥0.7712,¥119.52万,"1,949.51万",-0.44%
TAAS-TaaS,"¥1,487.65万",¥1.8262,¥1710.49,814.6万,-0.96%
OAX-OAX,"¥1,478.12万",¥0.5910,¥432.55万,"2,500.93万",+12.41%
BPT-Blockport,"¥1,476.8万",¥0.2793,¥61.56万,"5,287.09万",-4.37%
YOC-优币,"¥1,447.36万",¥0.044278,¥11.97万,3.27亿,+3.99%
UP-UpToken,"¥1,408.67万",¥0.096130,¥20708.76,1.47亿,+9.63%
BLT-宝兰,"¥1,398.77万",¥0.2923,¥54.44万,"4,786.17万",+6.90%
NIM-网络币,"¥1,366.23万",¥0.004983,¥24.18万,27.42亿*,+6.49%
CXO-CargoX,"¥1,355.5万",¥0.1050,¥19.77万,1.29亿,+0.81%
INCNT-Incent,"¥1,345.49万",¥0.2924,¥8978.75,"4,601.66万",+0.55%
HST-Decision Token,"¥1,295.12万",¥0.4044,¥19.16万,"3,202.6万",-4.71%
DPY-天算,"¥1,277.16万",¥0.2456,¥78.3万,"5,200万",-1.54%
REM-REMME,"¥1,268.61万",¥0.020651,¥39.81万,6.14亿,+0.36%
AMP-Synereo,"¥1,235.66万",¥0.1227,¥65399.10,1.01亿,+7.74%
DBET-DecentBet,"¥1,208.84万",¥0.072080,¥3211.28,1.68亿,-16.96%
NCT-PolySwarm,"¥1,190.49万",¥0.007698,¥35.35万,15.46亿,+3.31%
AXPR-aXpire,"¥1,185.98万",¥0.043205,¥160.39万,2.74亿,+6.88%
SNET-Snetwork,"¥1,167.54万",¥0.090571,¥15.56万,1.29亿*,+11.35%
CVN-CVCoin,"¥1,144.24万",¥0.9242,¥15.9万,"1,238.09万",-33.00%
HBT-Hubii Network,"¥1,125.67万",¥0.8328,¥32139.08,"1,351.64万",+21.68%
HMQ-Humaniq,"¥1,099.15万",¥0.059322,¥34万,1.85亿,+8.07%
TOPC-拓扑链,"¥1,088.47万",¥0.036282,¥291.46万,3亿*,+4.54%
HKN-Hacken,"¥1,081.92万",¥2.0187,¥94470.82,535.95万,+0.58%
PAYX-Paypex,"¥1,069.52万",¥0.1563,¥10.11万,"6,842.88万",+7.31%
CV-carVertical,"¥1,061.63万",¥0.001874,¥20062.17,56.67亿,+3.93%
UCT-优物链,"¥1,046.07万",¥0.033209,¥47.9万,3.15亿*,+4.15%
SNC-SunContract,"¥1,022.1万",¥0.083295,¥141.84万,1.23亿,+5.87%
CEX-CEXCOIN,"¥1,016.53万",¥0.3388,--,"3,000万*",+1.61%
BANCA-Banca,"¥1,012.79万",¥0.000565,¥22.01万,179.26亿,+8.05%
OCT-欧链,¥999.98万,¥0.3333,¥13.95万,"3,000万",+2.45%
CAPP-Cappasity,¥996.23万,¥0.019820,¥52.15万,5.03亿,+8.33%
SWT-Swarm City,¥985.89万,¥1.1817,¥12.43万,834.28万,+18.16%
TFL-True Flip,¥976.55万,¥1.5632,¥29.34万,624.73万,+5.08%
FLIXX-Flixxo,¥973.69万,¥0.1216,¥5704.95,"8,008.3万",+9.73%
DTB-Databits,¥973.11万,¥0.4278,¥15065.28,"2,274.78万",+2.33%
AMLT-AMLT Token,¥972.22万,¥0.1098,¥2419.18,"8,856.49万",+20.62%
SXUT-SXUT,¥966.51万,¥0.3940,¥20.28万,"2,452.96万",-7.90%
EXRN-EXRNchain,¥941.33万,¥0.000102,¥43.91万,925亿,-0.54%
NBAI-智云链,¥935.3万,¥0.008044,¥53997.58,11.63亿,+0.19%
ERO-Eroscoin,¥930.81万,¥0.049844,¥3684.74,1.87亿,-2.53%
CMCT-Crowd Machine,¥926.33万,¥0.019702,¥24493.73,4.7亿,-3.66%
BOT-菩提,¥907.77万,¥0.2269,¥390万,"4,000万",-2.87%
NTK-Neurotoken,¥901.1万,¥0.1142,¥31.66万,"7,890.66万",+3.40%
MYST-密链,¥878.62万,¥0.3737,¥711.39,"2,350.93万",+40.05%
ZSC-Zeusshield,¥874.16万,¥0.007580,¥15.45万,11.53亿,+2.58%
COVAL-Circuits of V...,¥869.51万,¥0.008695,¥72705.16,10亿,-0.32%
GUP-Matchpool,¥861.06万,¥0.1148,¥15.25万,"7,500万",+10.45%
TIME-Chronobank,¥853.51万,¥12.0194,¥38.7万,71.01万,+3.53%
IDH-indaHash,¥851.92万,¥0.021301,¥89.52万,4亿,-2.08%
ORME-Ormeus Coin,¥846.03万,¥0.4968,¥231.64万,"1,702.93万",+4.00%
BBN-榕树网络,¥791.62万,¥0.016774,¥21.99万,4.72亿,+9.30%
SHIP-ShipChain,¥791.25万,¥0.035569,¥1139.29,2.22亿,-0.27%
PTOY-Patientory,¥786.45万,¥0.1124,¥13649.08,"7,000万",+7.33%
DNA-EncrypGen,¥782.78万,¥0.1168,¥13.34万,"6,703万",+11.78%
ALIS-ALIS,¥767.57万,¥0.1972,¥4386.64,"3,892.69万",+9.81%
BQT-BQT,¥757.66万,¥0.029367,¥17.08万,2.58亿*,+9.75%
DRT-DomRaider,¥737.07万,¥0.012461,¥21.36万,5.92亿,-18.13%
LATX-LatiumX,¥736.09万,¥0.070502,¥106.52万,1.04亿,+3.65%
QWARK-Qwark,¥719.39万,¥0.1079,¥7207.96,"6,667.29万",+7.15%
MITX-Morpheus Labs,¥716.85万,¥0.034870,¥46750.99,2.06亿,-0.88%
EXY-Experty,¥713.95万,¥0.2636,¥99100.93,"2,708.84万",-3.72%
TRST-WeTrust,¥703.24万,¥0.076317,¥98.11万,"9,214.75万",-0.42%
AVT-Aventus,¥702.39万,¥1.1706,¥62164.83,600万,+2.52%
XNK-Ink Protocol,¥697.65万,¥0.035971,¥24.98万,1.94亿,+2.95%
ZAP-ZAP,¥694.43万,¥0.053943,¥15494.01,1.29亿,+10.71%
ICOS-ICOS,¥690.5万,¥13.9543,¥22.0630,49.48万,-11.67%
UGC-UgChain,¥683.97万,¥0.013679,¥67.91万,5亿,-0.67%
OPT-Opus,¥682.12万,¥0.048695,¥11383.18,1.4亿,+5.19%
AID-AidCoin,¥675.23万,¥0.1539,¥93011.70,"4,387.25万",-0.95%
NIO-Autonio,¥660.98万,¥0.079474,¥84.01万,"8,317.01万",-0.15%
CPAY-Cryptopay,¥657.32万,¥0.096199,¥6284.87,"6,832.94万",+4.14%
TSL-Energo,¥655.56万,¥0.011263,¥20.28万,5.82亿*,+42.06%
VRS-Veros,¥654.95万,¥0.1229,¥63709.10,"5,330.26万",+14.92%
APX-APX,¥650.7万,¥9.2537,¥4206.72,70.32万,-8.39%
DEB-Debitum Network,¥633.73万,¥0.031935,¥90167.26,1.98亿,+1.11%
INSTAR-Insights Network,¥625.47万,¥0.045206,¥49.46万,1.38亿,+5.26%
VIT-Vice Industry Token,¥620.62万,¥0.020942,¥59557.98,2.96亿,+101.76%
IPL-VouchForMe,¥620.18万,¥0.030855,¥53.98万,2.01亿,-0.40%
CHP-CoinPoker,¥617.95万,¥0.019592,¥39990.52,3.15亿,+11.49%
EKO-EchoLink,¥612.45万,¥0.016428,¥340.98万,3.73亿,-0.80%
FDZ-Friendz,¥609.42万,¥0.011949,¥70273.94,5.1亿,-1.51%
FLDC-FoldingCoin,¥608.6万,¥0.008460,¥18067.64,7.19亿,+2.15%
UFR-Upfiring,¥605.2万,¥0.3113,¥9583.45,"1,944万",+3.01%
ADST-AdShares,¥603.23万,¥0.3113,¥8523.30,"1,937.91万",+5.37%
CPY-Copytrack,¥584.47万,¥0.1875,¥462.12,"3,116.74万",+4.16%
MTN-Medicalchain,¥573.63万,¥0.031007,¥179.84万,1.85亿,+7.78%
UQC-Uquid Coin,¥568.94万,¥0.5689,¥147.87万,"1,000万",+3.85%
GAT-Gatcoin,¥553.89万,¥0.010453,¥4965.73,5.3亿,+0.70%
HQX-HOQU,¥547.04万,¥0.036199,¥242.31万,1.51亿,+2.04%
BDG-BitDegree,¥543.7万,¥0.015258,¥199.75,3.56亿,+3.98%
REBL-Rebellious,¥526.4万,¥0.031160,--,1.69亿,+15.38%
PKT-Playkey,¥521.19万,¥0.3744,¥91689.58,"1,392.15万",+15.38%
DXT-Datawallet,¥518.14万,¥0.013278,¥13.48万,3.9亿,+6.89%
TRST-WeTrust,¥515.57万,¥0.055950,¥98.11万,"9,214.75万",-26.99%
TKS-Tokes,¥501.43万,¥1.4510,¥8728.97,345.57万,+9.17%
ATL-ATLANT,¥491.07万,¥0.1308,¥39.07万,"3,755.19万",-1.94%
STAR-Starbase,¥478.71万,¥0.025531,¥9109.24,1.88亿,+9.08%
STX-拳王币,¥471.64万,¥0.091672,¥10.39万,"5,144.89万",-5.64%
PRA-般若,¥462万,¥0.093216,¥56.33万,"4,956.27万",+9.51%
SNOV-Snovio,¥458.67万,¥0.011326,¥12.49万,4.05亿,+1.07%
ADB-Adbank,¥455.4万,¥0.007394,¥17.21万,6.16亿,+1.28%
TIG-Tigereum,¥446.26万,¥0.2572,¥67.14万,"1,735.06万",+42.41%
INXT-Internxt,¥442.06万,¥7.0211,¥10.1万,62.96万,+22.65%
RNTB-BitRent,¥432.05万,¥0.005133,¥51817.72,8.42亿,+1.74%
PIX-神灯,¥428.31万,¥0.031651,¥3690.97,1.35亿,+5.01%
IPSX-IP Exchange,¥427.53万,¥0.005047,¥20万,8.47亿,+3.14%
EVE-Devery,¥424.29万,¥0.067435,¥124.08万,"6,291.84万",+2.89%
PLAY-HERO Coin,¥417.59万,¥0.034870,¥24.54万,1.2亿,+3.38%
APH-Aphelion,¥416.13万,¥0.083226,¥60840.01,"5,000万",+12.19%
BET-DAO.Casino,¥413.4万,¥0.024714,¥48744.41,1.67亿,+1.14%
PRIX-Privatix,¥403.97万,¥3.4157,¥5451.99,118.27万,+0.63%
IETH-iEthereum,¥396.53万,¥0.2205,¥14201.38,"1,798.2万",+48.18%
COFI-CoinFi,¥396.16万,¥0.022451,¥33.41万,1.76亿,+5.17%
BEE-Bee Token,¥395.22万,¥0.021177,¥16199.79,1.87亿,+3.07%
CAN-CanYa,¥385.23万,¥0.091997,¥116.8万,"4,187.45万",+12.21%
BELA-BelaCoin,¥369.05万,¥0.094642,¥9405.26,"3,899.45万",+5.62%
ZLA-Zilla,¥366.64万,¥0.095313,¥37.87万,"3,846.67万*",+5.84%
XNN-Xenon,¥364.49万,¥0.012150,¥3142.89,3亿,+16.02%
J8T-JET8,¥363.98万,¥0.006021,¥11.37万,6.05亿,+4.65%
SKIN-SkinCoin,¥357.13万,¥0.040498,¥34598.68,"8,818.35万",-5.28%
POLL-ClearPoll,¥354.09万,¥0.5058,¥13457.39,700万,+5.53%
EVC-EventChain,¥352.51万,¥0.1128,¥13010.11,"3,125.05万",-1.99%
ELIX-Elixir,¥347.31万,¥0.1024,¥18818.28,"3,392.09万",-2.19%
ARY-Block Array,¥343.6万,¥0.050211,¥79611.84,"6,843.07万",+6.86%
IFT-InvestFeed,¥342.49万,¥0.017895,¥100.95,1.91亿,+7.25%
BERRY-Rentberry,¥341.6万,¥0.011333,¥7518.80,3.01亿,+6.07%
PUT-Profile Utility Token,¥336.89万,¥0.074386,¥70.67万,"4,528.98万",-8.86%
VOISE-Voise,¥334.96万,¥0.006421,¥26582.97,5.22亿,+50.53%
MTX-Matryx,¥333.34万,¥0.1435,¥114.08万,"2,322.43万",+4.57%
BNTY-Bounty0x,¥333.26万,¥0.017889,¥17682.59,1.86亿,+5.74%
YT-YOEXS TOKEN,¥331.88万,¥0.066376,¥208.43万,"5,000万*",-0.97%
IDXM-IDEX Membership,¥325.1万,¥1625.48,¥2395.98,2000,-3.39%
DTH-Dether,¥321.78万,¥0.038491,¥605.57,"8,360万",0%
LALA-LALA World,¥318.08万,¥0.016525,¥20.44万,1.92亿,+3.25%
WISH-MyWish,¥310.85万,¥0.1578,¥6339.77,"1,970.4万",+4.90%
SENC-Sentinel Chain,¥309.05万,¥0.015666,¥104.26,1.97亿,-0.82%
BETR-BetterBetting,¥303.23万,¥0.017764,¥12.26万,1.71亿,+3.13%
ADH-AdHIve,¥299.68万,¥0.024721,¥26.8万,1.21亿,+2.17%
HBZ-Helbiz,¥296.83万,¥0.004319,¥44.52万,6.87亿,+3.32%
WRC-Worldcore,¥295.91万,¥0.016615,¥648.67,1.78亿,+14.29%
LOCI-Loci,¥284.71万,¥0.077965,¥32814.95,"3,651.81万*",+2.39%
GETX-保链,¥281.41万,¥0.009380,¥30545.59,3亿,+5.28%
NXC-Nexium,¥258.26万,¥0.038830,¥3686.95,"6,650.96万",+3.95%
IPT-泛娱链,¥250.88万,¥0.008363,¥21.06万,3亿*,-18.31%
IND-Indorse Token,¥246.62万,¥0.066397,¥11.59万,"3,714.29万",+2.40%
PARETO-Pareto Network,¥241.67万,¥0.007338,¥6247.56,3.29亿,+4.91%
SIG-Signal Token,¥240.59万,¥0.008522,¥11.0980,2.82亿,+2.16%
MVC-小牛链,¥238.01万,¥0.023801,¥16.11万,1亿*,-22.39%
PLU-Pluton,¥221.19万,¥2.6023,¥58760.54,85万,+4.72%
STU-bitJob,¥216.48万,¥0.030149,¥12.03万,"7,180.5万",+19.38%
FYP-Flypme,¥214.7万,¥0.1217,¥3.7805,"1,763.87万",+4.99%
VME-VeriME,¥210.72万,¥0.012066,¥752.44,1.75亿,+11.73%
BON-Bonpay,¥203.5万,¥0.1802,¥86903.50,"1,129.03万",+2.80%
PBL-Publica,¥201.92万,¥0.1087,¥3460.09,"1,858.29万",+11.57%
EBTC-eBitcoin,¥201.26万,¥0.1065,¥9407.55,"1,889.71万",+2.31%
CAT`-BlockCAT,¥201.2万,¥0.2734,¥273.86,736.01万,-2.71%
ETT-EncryptoTel,¥174.07万,¥0.028017,¥519.36,"6,213.12万",+20.99%
LDC-Leadcoin,¥171.32万,¥0.002184,¥67894.36,7.84亿,+2.04%
HAC-Hackspace Capital,¥167.56万,¥0.005180,¥13.3520,3.23亿,+17.65%
SCT-Soma,¥164.12万,¥0.2034,¥6586.50,806.7万,+2.96%
PYLNT-Pylon Network,¥158.19万,¥4.0367,--,39.19万,-24.64%
CTX-CarTaxi Token,¥155.54万,¥0.038955,¥74.1502,"3,992.81万",+4.32%
KLN-Kolion,¥154.8万,¥2.2098,¥23100.87,70.05万,-0.71%
JET-JetCoin,¥153.26万,¥0.2246,¥11.48万,682.29万,+110.33%
TDS-TokenDesk,¥151.94万,¥0.1478,¥16.73万,"1,027.83万",-1.08%
STAC-StarterCoin,¥150.56万,¥0.005331,¥0.022153,2.82亿,+14.02%
CRED-Verify,¥150.45万,¥0.1114,¥464.32,"1,350.89万",-27.65%
GUSD-双子星美元,¥149.33万,¥6.9000,"¥1,962.19万",21.64万*,+0.34%
ADL-Adelphoi,¥148.49万,¥0.071658,¥51.3195,"2,072.22万*",-11.62%
XBP-BlitzPredict,¥138.69万,¥0.003942,¥46463.34,3.52亿,+1.06%
NDC-NEVERDIE,¥128.87万,¥0.031430,¥763.66,"4,100.42万",+24.45%
SSS-共享链代币,¥123.58万,¥0.000486,¥2169.47,25.44亿,+16.95%
OTN-Open Trading Network,¥119.62万,¥0.5909,¥5155.42,202.45万,-0.05%
BTRN-Biotron,¥118.94万,¥0.036407,¥56.7795,"3,267万",+1.23%
SPF-Sportyco,¥116.53万,¥0.021869,¥23.05万,"5,328.58万",-8.93%
CL-Coinlancer,¥113.94万,¥0.016123,¥15497.89,"7,066.68万",-4.97%
EZT-EZToken,¥108.36万,¥0.094185,¥1976.88,"1,150.5万",+12.97%
AIX-Aigang,¥103.49万,¥0.046514,¥11.44万,"2,224.87万",+5.65%
ING-Iungo,¥97.61万,¥0.024403,¥12.5万,"4,000万",+1.64%
ERC20-ERC20,¥91.99万,¥0.1314,¥19.26万,700万,+3.95%
TNS-Transcodium,¥91.87万,¥0.018172,¥12.57万,"5,055.36万",+4.67%
ECASH-Ethereumcash,¥91.08万,¥0.064597,¥570.40,"1,410万",+7.81%
AMN-Amon,¥88.69万,¥0.002355,¥1545.17,3.77亿,+4.74%
RIYA-Etheriya,¥81.93万,¥0.5180,¥178.42,158.15万,+12.96%
HIRE-HireMatch,¥78.58万,¥0.024375,¥177.94,"3,223.83万",-12.46%
SUR-Suretly,¥76.49万,¥3.2703,¥23230.94,23.39万,+3.82%
ITT-Intelligent Trading Tech,¥64.27万,¥0.065580,¥23721.01,979.99万,+5.92%
ARCT-ArbitrageCT,¥64.09万,¥0.007110,¥3826.17,"9,014.52万",+1.85%
XBL-Billionaire T...,¥62.87万,¥0.1924,¥44.3088,326.83万,-33.23%
FTB-飞特币,¥60.02万,¥0.010003,¥45021.81,"6,000万*",+0.07%
BBT-BitBoost,¥55.72万,¥0.042998,¥4665.49,"1,295.9万",+26.15%
BSTN-BitStation,¥50.22万,¥0.000137,¥9.4420,36.71亿,+8.91%
EPY-Emphy,¥48.65万,¥0.061578,¥2299.76,789.98万,+4.75%
BVT-VTChain,¥47.5万,¥0.002375,¥29.45万,2亿*,+26.46%
CCT-Crystal Clear,¥45.19万,¥0.086507,¥64.6452,522.4万,+4.65%
VIU-Viuly,¥44.26万,¥0.001179,¥2513.40,3.75亿,+4.73%
RLT-RouletteToken,¥42.64万,¥0.041724,¥33830.18,"1,021.89万",+0.42%
CRB-信用币,¥42.36万,¥0.025220,¥168.89,"1,679.57万",+30.01%
CCO-Ccore,¥41.29万,¥0.2429,¥30.7760,170万,-0.87%
BTCRED-Bitcoin Red,¥38.65万,¥0.018809,¥17.3153,"2,055万",+4.50%
MCAP-MCAP,¥35.66万,¥0.033991,¥3510.42,"1,049万",-6.67%
LCT-LendConnect,¥33.36万,¥0.1544,¥41.21万,216.11万,+2.89%
WILD-Wild Crypto,¥32.14万,¥0.013188,¥49.6172,"2,437.35万",-2.21%
MBRS-Embers,¥30.61万,¥0.006122,¥125.97,"5,000万",-1.18%
ELTCOIN-ELTCOIN,¥27.63万,¥0.003070,¥5096.23,"9,000万",-4.13%
NOX-Nitro,¥26.77万,¥0.017674,¥715.47,"1,514.57万",+2.04%
MNE-Minereum,¥25.75万,¥0.055666,¥73.1395,462.54万,-4.66%
SDRN-Senderon,¥24.06万,¥0.005416,¥69.4316,"4,442.59万",+14.72%
DIX-Dix Asset,¥18万,¥0.00000180,¥44.5822,"1,000亿",-3.70%
GUESS-Peerguess,¥17.98万,¥0.002970,¥153.36,"6,053.77万",-3.54%
CLR-ClearCoin,--,--,--,5.28亿,0%
LIFE-LIFE,--,--,--,234.42亿,0%
WTT-Giga Watt Token,--,--,--,290万,0%
DAR-Darcrus,--,--,--,"1,360.04万",0%
LEV-Leverj,--,--,--,1.18亿,0%
ICO-ico币网,--,--,--,1亿*,0%
ACC-Accelerator Network,--,--,--,63.99万,0%
RKC-Royal Kingdom Coin,--,--,--,270万,0%
AI-POLY AI,--,--,--,228.19万,0%
HORSE-Ethorse,--,--,--,1.06亿,0%
TKR-CryptoInsight,--,--,--,"1,252.97万",0%
MCR-Macro,--,--,--,--,0%
LNC-Blocklancer,--,--,--,1.2亿,0%
WAX-WAX Token,--,¥0.2694,¥294.97万,--,-0.15%
EREAL-eREAL,--,--,--,"7,471.18万",0%
PLX-PlexCoin,--,--,--,--,0%
SJCX-Storjcoin X,--,¥0.7075,--,--,+0.10%
RKT-Rock,--,--,--,4.8亿,0%
ADCN-Asiadigicoin,--,--,--,"2,493.11万",0%
NEWB-Newbium,--,--,--,"5,000万",0%
ESZ-EtherSportz,--,--,--,690.56万,0%
BITUSD-bitUSD,--,--,--,674.28万,0%
FAP-FAPcoin,--,--,--,--,0%
DDF-Digital Developers Fund,--,--,--,511.83万,0%
ETX-Etherx,--,--,--,--*,0%
GUC-GoldUnionCoin,--,--,--,--*,0%
WETH-WETH,--,¥630.03,¥52572.93,--,+6.04%
MAG-麦奇,--,¥0.004440,¥53146,--,-4.18%
EGAS-Ethgas,--,--,--,"1,015.75万*",0%
CFI-Cofound.it,--,--,--,3.25亿,0%
NTO-Fujinto,--,--,--,"6,580.24万",0%
TDX-Tidex Token,--,--,--,950.5万,0%
CTR-Centra,--,--,--,"6,800万",0%
ART-Maecenas,--,--,--,"3,928.72万",0%
ALT-Altcoin,--,--,--,12.32万,0%
SMS-SMS,--,--,--,10.47万,0%
SENSE-SENSE,--,--,--,2.5亿,0%
STRC-StarCredits,--,--,--,450万,0%
NDAO-NeuroDAO,--,--,--,17.35万*,0%
BCY-Bitcrystals,--,--,--,"2,299.51万",0%
HDG-Hedge,--,--,--,370.97万,0%
SMART-SmartBillions,--,--,--,703.93万*,0%
UAH-UAHPay,--,--,¥509.99万,--*,0%
GET-GUTS Tickets,--,--,--,"1,038.44万*",0%
NVST-NVO,--,--,--,"1,500万",0%
TIE-Ties.DB,--,--,--,"4,076.17万*",0%
BCDN-BlockCDN,--,¥0.005054,¥2438.42,--,0%
DALC-Dalecoin,--,--,--,57.1万,0%
TRCT-Tracto,--,--,--,"2,691.3万",0%
GIM-Gimli,--,--,--,"8,000万*",0%
300-300 Token,--,--,--,300,0%
BLOCKPAY-BlockPay,--,--,--,542.83万,0%
INDI-Indicoin,--,¥0.029117,¥275.14,--,+7.79%
BRAT-BROTHER,--,--,--,1.6亿,0%
PBT-Primalbase,--,--,--,1250,0%
GOOD-Goodomy,--,--,--,6.21亿,0%
ECH-Etherecash,--,--,--,--,0%
INPAY-Inpay,--,--,--,"1,000万",0%
HERO-Sovereign Hero,--,--,--,4773,0%
NEOG-NEO GOLD,--,¥0.002372,¥24.8418,--,+11.60%
SCOT-Scotcoin,--,--,--,10亿,0%
FRD-Farad,--,--,--,1.35亿,0%
PING-CryptoPing,--,--,--,995.21万,0%
CSNO-BitDice,--,--,--,"7,000万",0%
COSS-COSS,--,--,--,1.19亿,0%
CIG-CIorigin,--,--,--,"4,800万*",0%
ETBS-Ethbits,--,--,--,139.16万,0%
ORI-Origami,--,--,--,422.59万,0%
CASINO-卡西诺币,--,--,--,100万*,0%
PFR-Payfair,--,--,--,"8,899.97万",0%
BITE-比特以太,--,¥0.7601,¥17179.23,--*,-2.71%
ASTRO-Astro,--,--,--,331.38万,0%
FLUZ-Fluz Fluz,--,--,--,2.05亿,0%
DML-DML,--,--,--,"6,303.01万",0%
READ-阅读币,--,¥0.015528,¥13.13万,--,+5.01%
AIR-AirToken,--,--,--,10.5亿,0%
EXN-ExchangeN,--,--,--,510万,0%
WGO-WavesGo,--,--,--,850.69万,0%
FUNC-FUNCoin,--,--,--,584.86万,0%
ETG-Ethereum Gold,--,--,--,"1,200万",0%
MINEX-Minex,--,--,--,--,0%
LNK-Link Platform,--,--,--,16415,0%
WAND-WandX,--,--,--,"1,224.41万",0%
ICE-iDice,--,--,--,157.1万,0%
POS-PoSToken,--,--,--,57.9万,0%
TKN-TokenCard,--,--,--,"2,392.19万",0%
EGOLD-EGOLD,--,--,--,--,0%
RYZ-ANRYZE,--,--,--,--,0%
BPC-奔跑币,--,--,--,"7,500万",0%
CLR-ClearCoin,--,--,--,5.28亿,0%
RKC-Royal Kingdom Coin,--,--,--,270万,0%
LNC-Blocklancer,--,--,--,1.2亿,0%
DDF-Digital Developers Fund,--,--,--,511.83万,0%
STRC-StarCredits,--,--,--,450万,0%
SMART-SmartBillions,--,--,--,703.93万*,0%
TIE-Ties.DB,--,--,--,"4,076.17万*",0%
PBT-Primalbase,--,--,--,1250,0%
HERO-Sovereign Hero,--,--,--,4773,0%
CIG-CIorigin,--,--,--,"4,800万*",0%
RPX-红色脉冲,--,--,--,5.43亿*,0%
TRIG-Triggers,--,--,--,"3,210.56万",0%
BTC2X-Bitcoin2x,--,--,--,--*,0%
MBI-Monster Byte,--,--,--,"1,682.27万",0%
QUN-QunQun,--,¥0.025483,¥155.28万,--,-1.12%
PRES-特朗普总统,--,¥0.017210,¥16.2451,--,+3.54%
CDX-Commodity Ad Network,--,--,--,"3,255万",0%
DAR-Darcrus,--,--,--,"1,360.04万",0%
AI-POLY AI,--,--,--,228.19万,0%
UAH-UAHPay,--,--,¥511.19万,--*,0%
BCDN-BlockCDN,--,¥0.005054,¥2438.42,--,0%
TRCT-Tracto,--,--,--,"2,691.3万",0%
ETBS-Ethbits,--,--,--,139.16万,0%
FLUZ-Fluz Fluz,--,--,--,2.05亿,0%
AIR-AirToken,--,--,--,10.5亿,0%
SETH-Sether,--,--,--,"1,727.65万",0%
NTWK-Network Token,--,--,--,"1,583.07万",0%
DAY-Chronologic,--,--,--,--,0%
CRTM-Corethum,--,--,--,250万*,0%
GCS-GCS游戏公链,--,¥0.004500,--,--,+77.03%
JNS-Janus,--,--,--,"2,302.03万*",0%
FLIK-FLiK,--,--,--,"6,012.37万",0%
EAGLE-EagleCoin,--,--,--,209.34万,0%
OCX-OCX,--,¥0.019792,--,--*,+4.44%
MCI-MCI,--,--,--,"2,768.96万",0%
VZT-Vezt,--,--,--,"7,645.37万",0%
XES-Proxeus,--,--,--,2.03亿,0%
EBIT-eBIT,--,--,--,--*,0%
XID-Sphre AIR,--,¥0.3089,¥2957.56,--,+35.39%
WAX-WAX Token,--,¥0.2695,¥295.04万,--,-0.22%
GUC-GoldUnionCoin,--,--,--,--*,0%
EGAS-Ethgas,--,--,--,"1,015.75万*",0%
TDX-Tidex Token,--,--,--,950.5万,0%
GOOD-Goodomy,--,--,--,6.21亿,0%
NEOG-NEO GOLD,--,¥0.002370,¥24.8051,--,+11.60%
ORI-Origami,--,--,--,422.59万,0%
BITE-比特以太,--,¥0.7601,¥18140.60,--*,+2.71%
DML-DML,--,--,--,"6,303.01万",0%
EXN-ExchangeN,--,--,--,510万,0%
OBITS-OBITS,--,--,--,"1,530.43万",0%
SWP-Swapcoin,--,--,--,--*,0%
CMS-COMSA-ETH,--,¥0.3832,¥524.72,--,+10.90%
CAT-BitClave,--,--,--,--,0%
EBET-EthBet,--,--,--,850.48万,0%
LLT-流量矿石,--,--,--,1.71亿,0%
CLD-Cloud,--,--,--,--,0%
GLA-Gladius Token,--,--,--,"1,446.13万",0%
ACE-TokenStars,--,¥0.1037,¥68.37万,--,-6.94%
HADE-Hade Platform,--,--,--,"5,014.71万",0%
EREAL-eREAL,--,--,--,"7,471.18万",0%
ESZ-EtherSportz,--,--,--,690.56万,0%
WETH-WETH,--,¥629.76,¥52464.80,--,+6.04%
ALT-Altcoin,--,--,--,12.32万,0%
NDAO-NeuroDAO,--,--,--,17.35万*,0%
HDG-Hedge,--,--,--,370.97万,0%
GET-GUTS Tickets,--,--,--,"1,038.44万*",0%
GIM-Gimli,--,--,--,"8,000万*",0%
BRAT-BROTHER,--,--,--,1.6亿,0%
PING-CryptoPing,--,--,--,995.21万,0%
READ-阅读币,--,¥0.018318,¥14.81万,--,-0.96%
WGO-WavesGo,--,--,--,850.69万,0%
PPP-PayPie,--,--,--,"8,250万",0%
SHE-闪链,--,¥0.007525,¥540.02万,--*,+11.11%
PIPL-PiplCoin,--,--,--,"8,344.43万",0%
CFD-Confido,--,--,--,900万,0%
ABC-Alphabit,--,¥42.5005,¥3778.82,--,+4.74%
IGNIS-火链,--,¥0.099737,"¥4,663.24万",--,+3.18%
GU-谷腾,--,--,--,71亿*,0%
WIN-Wawllet,--,--,--,399.03万,0%
MOT-奥林巴斯,--,¥0.4441,¥102.41万,--*,+1.03%
SCC-StockChain,--,¥0.009097,¥45.73万,--,+8.44%
ONG-onG.social,--,--,--,"4,133.69万",0%
CMS-COMSA-XEM,--,--,--,--,0%
IIC-智投币,--,¥0.000980,¥17.01万,--*,-0.16%
KRM-Karma,--,--,--,17.83亿,0%
BAS-BitAsean,--,--,--,500万,0%
HGT-HelloGold,--,--,--,2.63亿,0%
LIFE-LIFE,--,--,--,234.42亿,0%
ICO-ico币网,--,--,--,1亿*,0%
PLX-PlexCoin,--,--,--,--,0%
ETX-Etherx,--,--,--,--*,0%
SCC-StockChain,--,¥0.009097,¥45.73万,--,+8.68%
CMS-COMSA-XEM,--,--,--,--,0%
KRM-Karma,--,--,--,17.83亿,0%
TRDT-Trident Group,--,--,--,121.3万,0%
SNIP-SnipCoin,--,--,--,--,0%
BTE-BitSerial,--,--,--,--,0%
FUNC-FUNCoin,--,--,--,584.86万,0%
INPAY-Inpay,--,--,--,"1,000万",0%
BAR-Titanium Blockchain,--,--,--,--,0%
POS-PoSToken,--,--,--,57.9万,0%
FLIK-FLiK,--,--,--,"6,012.37万",0%
XES-Proxeus,--,--,--,2.03亿,0%
NEOG-NEO GOLD,--,¥0.002369,¥24.8051,--,+11.47%
OBITS-OBITS,--,--,--,"1,530.43万",0%
CAT-BitClave,--,--,--,--,0%
ROLC-再生链,¥19.54亿,¥0.6514,¥896.58万,30亿,+7.16%
BRC-贝尔链,¥6.72亿,¥4.6314,"¥2,061.3万",1.45亿*,-20.63%
VNS-Venus,¥6.39亿,¥0.011838,¥6099.27,540亿*,+5.23%
AOA-极光链,¥6.12亿,¥0.087470,¥271.84万,70亿,+0.69%
HOT-Holo,¥4.1亿,¥0.003076,¥569.38万,"1,332.15亿",+5.29%
PFT-PFT Token,¥4.09亿,¥16.3600,--,"2,500万*",-1.19%
BNK-Bankera,¥3.93亿,¥0.036006,¥168.79万,109.24亿,+10.15%
PAX-Paxos Standard,¥3.49亿,¥6.9360,¥4.46亿,"5,030.36万*",-0.51%
NPXS-Pundi X,¥2.99亿,¥0.003430,"¥1,252.9万",870.49亿,+3.99%
INB-Insight Chain,¥2.92亿,¥1.7598,¥909.31万,1.66亿,+3.63%
BTMC-Bit Miner Chain,¥2.9亿,¥2.8972,¥33.15万,1亿*,+4.24%
SW-Super Wallet,¥2.88亿,¥12.6923,¥47.82万,"2,268万*",+6.70%
BHPC-算力现金,¥2.83亿,¥3.7771,¥25.59万,"7,500万",+0.89%
NEXO-Nexo,¥2.77亿,¥0.4950,"¥1,140.38万",5.6亿,+8.48%
EMT-电音链,¥2.64亿,¥0.2748,¥45.93万,9.6亿*,-0.82%
LKY-林奇,¥2.56亿,¥5.1118,¥456.55万,"5,000万",+0.25%
XIN-Mixin,¥2.45亿,¥489.39,¥34134.30,50万,+2.39%
EURS-STASIS EURS,¥2.39亿,¥7.8657,¥86330.98,"3,037.92万",+1.51%
NPC-NPC,¥2.29亿,¥0.028564,"¥2,460.74万",80亿*,-11.91%
BZKY-Bizkey,¥2.11亿,¥0.1053,¥273.61万,20亿*,-0.01%
THETA-Theta,¥2.08亿,¥0.2941,¥628.45万,7.07亿*,+1.68%
DGTX-Digitex Futures,¥1.92亿,¥0.2630,¥211.25万,7.31亿,+5.10%
HYC-Hycon,¥1.85亿,¥0.097355,"¥1,380.47万",19亿,+3.64%
MITH-秘银币,¥1.79亿,¥0.4612,¥1.46亿,3.88亿*,+7.69%
XYO-XYO Network,¥1.71亿,¥0.030813,¥52.37万,55.65亿,-2.95%
GT-Bitget Token,¥1.63亿,¥0.8134,"¥6,172.53万",2亿*,-16.73%
DFT-炖粉条,¥1.58亿,¥0.9000,--,1.76亿,+1.40%
ETZ-以太零,¥1.57亿,¥0.8100,¥231.94万,1.94亿*,-2.46%
DICE-BetDice,¥1.56亿,¥0.073534,¥514.23,21.22亿*,+35.83%
BAXS-盒轴链,¥1.56亿,¥0.6224,"¥3,033.05万",2.5亿*,-0.88%
CWV-CryptoWorld.VIP,¥1.55亿,¥0.038754,¥306.43万,40亿*,-0.53%
KEY-币乎,¥1.53亿,¥0.006125,¥40.84万,250亿*,+0.79%
TRIP-Trip Token,¥1.5亿,¥7.5002,--,"2,000万*",+1.09%
GBC-Gold Bits Coin,¥1.4亿,¥1.3209,¥106.72,1.06亿,+46.54%
INVE-InterValue,¥1.35亿,¥0.033645,¥318.22万,40亿,-6.08%
PMA-PumaPay,¥1.23亿,¥0.005883,"¥1,047.12万",209.23亿,+4.68%
ABC-ABC.Chain,¥1.2亿,¥0.1821,--,6.6亿*,-12.91%
EDR-Endor Protocol,¥1.13亿,¥0.2153,¥348.59万,5.26亿,+4.94%
DLB-数链,¥1.13亿,¥0.1072,¥72.22万,10.5亿*,+1.83%
NLF-New Life,¥1.12亿,¥1.1201,--,1亿*,0%
BF-BitForex Token,¥1.1亿,¥0.049664,¥967.08万,22.14亿*,+1.17%
SMARTUP-SmartUp,¥1.09亿,¥0.1092,¥178.43万,10亿*,-0.49%
NASH-纳希币,¥1.09亿,¥0.001551,¥46.65万,700亿*,+13.65%
TCT-TokenClub,¥1.08亿,¥0.1703,¥152.59万,6.37亿,-1.02%
CET-CoinEx Token,¥1.01亿,¥0.032018,--,31.5亿*,+5.53%
OSA-OSA,"¥9,492.57万",¥0.2980,¥849.31万,3.19亿,+6.46%
XET-永恒代币,"¥9,246.96万",¥1.5299,¥20.67万,"6,044万*",-1.82%
APIS-APIS,"¥8,970.7万",¥0.018408,--,48.73亿,+0.89%
RC-Racecoin,"¥8,723.78万",¥0.2908,¥30234.89,3亿*,+86.45%
BZNT-Bezant,"¥8,273.62万",¥0.1648,¥426.03万,5.02亿,+4.75%
BCZERO-BCZERO,"¥8,239.07万",¥0.049083,¥88058.08,16.79亿,-1.31%
DATA-Streamr DATAcoin,"¥8,143.19万",¥0.1203,"¥2,218.35万",6.77亿,+9.65%
ICC-ICC,"¥8,134.58万",¥0.025421,¥76212.25,32亿*,-2.37%
BZ-Bit-Z Token,"¥7,971.87万",¥0.5845,¥1.95亿,1.36亿*,+1.44%
QNT-Quant,"¥7,660.7万",¥7.8352,¥303.95万,977.72万,-7.90%
GSE-GSENetwork,"¥7,324.33万",¥0.007324,¥15.52万,100亿*,+0.67%
AT-ABCC Token,"¥7,290.76万",¥0.6944,--,1.05亿*,+0.22%
TCH-Tiger Cash,"¥7,289.42万",¥0.1085,"¥3,365.16万",6.72亿*,+5.14%
OST-OST,"¥7,286.32万",¥0.1669,¥210.48万,4.37亿,+3.02%
NOAH-Noah Coin,"¥7,251.54万",¥0.002218,¥81.06万,326.88亿,+7.00%
RHOC-RChain,"¥6,979.55万",¥0.1802,¥35.7万,3.87亿,+12.09%
MAN-MATRIX,"¥6,962.51万",¥0.4642,¥775.1万,1.5亿,+5.77%
AFC-信用链,"¥6,666.02万",¥0.6060,¥12.78万,1.1亿*,+30.26%
AUTO-Q博智能币,"¥6,390.06万",¥0.010183,"¥1,166.26万",62.75亿*,+0.54%
AMO-AMO Coin,"¥6,304.49万",¥0.007027,¥104万,89.72亿,-2.68%
DEC-DEC,"¥5,891.23万",¥1.1430,¥85.4万,"5,154.38万",-5.07%
CPT-Cryptaur,"¥5,873.12万",¥0.007996,¥88937,73.45亿,+7.22%
LBTC-闪电比特币,"¥5,595.94万",¥15.4981,¥243.28万,361.07万*,+9.48%
CHX-Own,"¥5,582.4万",¥0.7677,¥147.37万,"7,271.21万",+4.04%
SKB-Sakura Bloom,"¥5,312.56万",¥0.020568,¥325.07万,25.83亿,+9.41%
WWB-Wowbit,"¥5,254.03万",¥0.1891,--,2.78亿,+3.78%
SCRL-Scroll,"¥5,206.95万",¥0.2592,¥124.29万,2.01亿,+2.21%
NCASH-Nucleus Vision,"¥5,114.71万",¥0.011568,¥258.13万,44.21亿*,+4.46%
TDP-TrueDeck Platform,"¥5,023.12万",¥5.0003,¥277.21万,"1,004.55万",+6.32%
INS-Insolar,"¥4,981.31万",¥1.5327,¥523.51万,"3,250万",+1.84%
MTN-Motion,"¥4,953.64万",¥0.1179,¥44.34万,4.2亿*,-0.05%
KAN-BitKan,"¥4,903.25万",¥0.009567,¥259.47万,51.25亿*,-1.26%
BOX-BOX,"¥4,903.68万",¥0.6130,"¥1,356.23万","8,000万*",+3.52%
QNTU-QNTU,"¥4,826.22万",¥0.001648,¥52639.32,292.8亿,+4.69%
LBA-Cred,"¥4,770.77万",¥0.1027,¥289.75万,4.64亿,-0.56%
RTH-Rotharium,"¥4,697.39万",¥13.9917,¥41.44万,335.73万*,+10.90%
JNT-Jibrel Network,"¥4,662.32万",¥0.2914,¥29.26万,1.6亿*,-2.56%
ZIP-Zipper,"¥4,633.96万",¥0.002896,¥634.98万,160亿*,+0.58%
FTM-Fantom,"¥4,594.68万",¥0.036179,"¥1,026.85万",12.7亿*,-1.25%
JAC-联招链,"¥4,586.36万",¥0.009173,¥10785.81,50亿*,+9.55%
OLE-Olive,"¥4,517.13万",¥0.018069,¥10465.63,25亿,-35.04%
HPC-算力坊,"¥4,496.37万",¥0.089927,¥460.18万,5亿,+0.89%
ATX-Aston,"¥4,365万",¥0.052973,¥568.06,8.24亿,+12.05%
SDA-六域链,"¥4,351.29万",¥0.035666,¥44.07万,12.2亿*,+1.41%
SINOC-新诺科,"¥4,317.76万",¥0.068536,¥11.58万,6.3亿,+6.45%
ACG-艺术全球,"¥4,224.71万",¥0.030177,--,14亿*,-2.09%
DEW-DEW,"¥4,222.7万",¥0.4090,¥183.35万,1.03亿,+3.30%
MFT-Mainframe,"¥4,219.81万",¥0.019502,¥978.42万,21.64亿,+1.46%
LYL-LoyalCoin,"¥4,158.37万",¥0.007767,¥20208.65,53.54亿,+7.99%
COSM-Cosmo Coin,"¥4,122.2万",¥0.061454,¥18.69万,6.71亿,-10.37%
PNT-梵塔网络,"¥4,120万",¥0.002289,¥153.65万,180亿,-2.82%
777-777,"¥4,084.46万",¥0.008169,--,50亿*,+10.17%
PAT-Patron,"¥4,062.98万",¥0.1467,¥826.07万,2.77亿,-9.50%
MXC-MXC,"¥4,060.27万",¥0.050786,¥859.8万,7.99亿*,-1.95%
CGK-菠菜,"¥4,025.79万",¥0.1372,¥275.91万,2.93亿*,-7.08%
KEY-Selfkey,"¥4,017.65万",¥0.017473,¥89.06万,22.99亿,+4.98%
HLC-绿色食品链,"¥3,817.93万",¥0.076359,¥85.44万,5亿,-11.62%
YCC-原链,"¥3,808.93万",¥0.038089,¥239.36万,10亿*,-1.28%
ZT-ZBG Token,"¥3,777.85万",¥0.3778,--,1亿*,+1.70%
YKC-云开币,"¥3,678.52万",¥2.9858,¥552.2万,"1,232万*",+12.30%
ZZEX-ZZEX Coin,"¥3,652.71万",¥0.6088,--,"6,000万*",+0.58%
PMD-金字塔,"¥3,600万",¥0.1800,--,2亿*,-9.03%
DAPS-DAPS Token,"¥3,582.96万",¥0.000687,¥47406.58,521.68亿,+34.57%
SPC-太空链,"¥3,476.26万",¥0.068162,¥187.89万,5.1亿,-20.46%
GST-GrEARN,"¥3,465.84万",¥0.028882,¥294.59,12亿*,+1.97%
YOU-YOU Token,"¥3,410.9万",¥0.031997,¥259.81万,10.66亿,+3.69%
BCV-币威,"¥3,295.33万",¥0.036615,¥866.42万,9亿*,-2.38%
RFR-Refereum,"¥3,232.42万",¥0.013652,¥488.6万,23.68亿,-0.14%
TRIO-Tripio,"¥3,210.45万",¥0.018345,¥227.57万,17.5亿*,-2.09%
FOTA-Fortuna,"¥3,089.8万",¥0.076532,¥171.42万,4.04亿*,-29.95%
HUM-Humanscape,"¥3,051.62万",¥0.000944,¥12.93万,323.24亿*,+2.33%
BUC-Bit Union Coin,"¥3,046.56万",¥0.032759,¥11672.34,9.3亿*,+3.78%
ECOM-Omnitude,"¥3,016.1万",¥0.5792,¥68万,"5,207.51万",+4.92%
DTA-DATA,"¥2,993.2万",¥0.006507,¥337.27万,46亿,+9.15%
PLY-PlayCoin [ERC20],"¥2,967.95万",¥0.2023,¥128.71万,1.47亿,+0.23%
META-Metadium,"¥2,959.56万",¥0.027262,¥156.91万,10.86亿,-7.12%
USE-Usechain Token,"¥2,926.59万",¥0.008363,¥47.57万,35亿*,+3.06%
EKT-通用积分,"¥2,886.29万",¥0.033956,¥60.1万,8.5亿*,+10.72%
ATN-ATN,"¥2,864.13万",¥0.3397,"¥2,862.82万","8,430.25万",+22.16%
CNN-CNN,"¥2,792.94万",¥0.000931,¥44.56万,300亿*,+4.67%
DOCK-Dock,"¥2,764.94万",¥0.063358,¥159.15万,4.36亿,+4.47%
CDR-数金币,"¥2,762.99万",¥0.3070,"¥3,399.09万","9,000万*",+0.67%
HORUS-HorusPay,"¥2,727.65万",¥0.031250,¥72394.81,8.73亿,-2.54%
GTC-G币,"¥2,695.23万",¥0.035396,¥486.87万,7.61亿*,+0.49%
ROX-Robotina,"¥2,633.55万",¥0.098062,¥98072,2.69亿,+3.48%
PTN-PalletOne,"¥2,534.86万",¥0.063371,¥46.77万,4亿*,+9.05%
SEELE-元一代币,"¥2,522.81万",¥0.036040,¥104.55万,7亿,-2.28%
CNET-Currency Network,"¥2,440.4万",¥0.2443,"¥5,146.9万","9,991.09万*",-15.16%
FTI-FANSTIME,"¥2,428.72万",¥0.006072,¥38.5万,40亿,+45.43%
JEX-JEX Token,"¥2,425.75万",¥0.024258,¥76.38万,10亿*,+4.78%
BWX-Blue Whale Token,"¥2,334.82万",¥0.000725,¥24.68万,322.06亿,-3.71%
DGX-Digix Gold Token,"¥2,268.93万",¥276.64,¥10.07万,82018,+0.57%
TTU-TaTaTu,"¥2,215.07万",¥0.2290,¥91633.85,"9,672.8万",+4.17%
ZCN-0chain,"¥2,211.1万",¥0.5513,¥14.14万,"4,011.02万",+3.09%
BRM-梵币,"¥2,195.84万",¥0.035459,¥48.08万,6.19亿,+3.91%
INO-INO COIN,"¥2,164.07万",¥1.0820,"¥1,289.56万","2,000万",+1.50%
NCS-牛币,"¥2,159.92万",¥0.043198,¥90181.03,5亿*,+25.39%
YEE-亿币,"¥2,141.92万",¥0.010710,¥583.88万,20亿,+5.21%
SWFTC-速币,"¥2,116.26万",¥0.006046,¥476.33万,35亿,+6.50%
NCC-NCC,"¥2,079.3万",¥0.039515,¥14299,5.26亿*,+1.81%
ISC-I Chain,"¥2,028.04万",¥0.1931,¥36.42万,1.05亿*,+2.27%
DIG-Dignity,"¥1,979.17万",¥0.037840,¥225.75万,5.23亿,-17.76%
IMT-Moneytoken,"¥1,954.68万",¥0.002073,¥21.3万,94.3亿,+835.56%
ECOREAL-Eco Real Estate,"¥1,932.04万",¥0.1228,¥23785.32,1.57亿,-51.60%
HMC-Hi Mutual Society,"¥1,898.51万",¥0.047463,¥63.91万,4亿*,+5.14%
HVN-Hiveterminal,"¥1,885.65万",¥0.045884,¥14714.78,4.11亿,+4.37%
ISR-Insureum,"¥1,872.2万",¥0.1075,¥104.21万,1.74亿*,+0.70%
SEC-社交电商链,"¥1,853.36万",¥0.068557,¥133.46万,2.7亿*,-23.41%
NEWOS-传播链,"¥1,843.55万",¥0.005267,¥1045.28,35亿*,+13.74%
PAI-PCHAIN Network,"¥1,828.79万",¥0.041890,¥106.23万,4.37亿*,-0.17%
EDN-Eden,"¥1,822.77万",¥0.022229,¥115.73万,8.2亿,+1.44%
DX-DxChain Token,"¥1,803.39万",¥0.000721,¥49.22万,250亿*,-1.27%
BOC-宾果币,"¥1,728.49万",¥0.086424,¥8829.21,2亿,+11.13%
AIDOC-天医,"¥1,724.39万",¥0.030793,¥758.62万,5.6亿,+11.73%
LIF-Winding Tree,"¥1,701.31万",¥0.8397,¥14577.09,"2,026.01万",-3.58%
IOG-Playgroundz,"¥1,687.33万",¥0.5911,"¥1,289.07万","2,854.51万",+2.72%
BCAC-商信链,"¥1,686.07万",¥0.038075,¥17.77万,4.43亿,+1.89%
BAAS-BaaSid,"¥1,684.94万",¥0.008024,¥18.84万,21亿,+7.81%
MVL-MVL,"¥1,635.49万",¥0.003101,¥506.46,52.75亿,+28.59%
TST-雷石,"¥1,633.95万",¥0.020048,¥298.40,8.15亿*,+5.31%
PAL-Pal Network,"¥1,618.16万",¥0.035223,¥160.64万,4.59亿,+5.81%
CSI-CSI,"¥1,610.31万",¥0.000230,¥28938.32,700亿*,+0.91%
TTF-TTF,"¥1,603.44万",¥0.049283,--,3.25亿,+5.30%
AVH-AVH,"¥1,602.11万",¥0.003204,¥653.94,50亿,-1.22%
HIT-HitChain,"¥1,601.11万",¥0.000680,¥342.08万,235.52亿,+3.26%
CEEK-CEEK VR,"¥1,572.39万",¥0.022915,¥22.61万,6.86亿,+3.34%
OWN-OWNDATA,"¥1,567.34万",¥0.001425,¥78349.88,110亿,-5.48%
TMT-Traxia,"¥1,556.01万",¥0.031630,¥55.13万,4.92亿,+5.37%
OTB-OTCBTC Token,"¥1,538.28万",¥0.1569,¥51640.78,"9,803.88万*",+5.99%
HPT-Huobi Pool Token,"¥1,485.91万",¥0.018574,¥410.37万,8亿*,+7.12%
DCC-DCC,"¥1,450.17万",¥0.008169,¥51486.47,17.75亿*,+2.98%
OC-海洋币,"¥1,437.31万",¥0.002613,¥35.14万,55亿*,-27.70%
WET-WeShow Token,"¥1,420.29万",¥0.088917,¥641.93万,1.6亿,-0.48%
CT-Coinyee Token,"¥1,414.05万",¥1.0100,--,"1,400万*",0%
BTT-BlockTrade,"¥1,408.55万",¥0.2546,¥289.43,"5,531.49万",+3.29%
FXT-FuzeX,"¥1,408.26万",¥0.018650,¥3122.05,7.55亿,-0.29%
IVY-Ivy,"¥1,403.11万",¥0.045691,¥3364.90,3.07亿,+1.89%
EBC-EBCoin,"¥1,390.08万",¥0.003717,¥14681.55,37.4亿,+3.81%
SEER-SEER,"¥1,387.05万",¥0.003383,¥22.46万,41亿,-1.67%
UUU-U Network,"¥1,386.15万",¥0.002352,¥98.36万,58.93亿*,+7.57%
BKX-班凯克斯,"¥1,376.51万",¥0.1986,¥528.22万,"6,931.04万",-8.52%
YEED-Yggdrash,"¥1,376.04万",¥0.002801,¥98.17万,49.12亿,+3.30%
HOT-Hydro,"¥1,336.93万",¥0.019045,¥24.56万,7.02亿*,+0.47%
MRK-MARK.SPACE,"¥1,328.86万",¥0.024278,¥63.72万,5.47亿,-1.92%
QCH-QChi,"¥1,315.9万",¥0.5695,¥43570.09,"2,310.55万*",+1.64%
OIO-Online,"¥1,311.17万",¥0.014939,¥71.7085,8.78亿*,-14.50%
SKM-时光簿,"¥1,309.7万",¥0.018539,¥516.66万,7.06亿,+3.73%
CBC-CashBet Coin,"¥1,294.89万",¥0.084472,¥16.35万,1.53亿,+6.82%
LCS-Local Coin Swap,"¥1,287.02万",¥0.2458,¥10.51万,"5,236.46万",+7.47%
SOC-All Sports Coin,"¥1,272.27万",¥0.021205,¥95.38万,6亿*,+4.39%
DATX-DATx,"¥1,268.5万",¥0.009117,¥45.79万,13.91亿,+2.05%
VITE-VITE,"¥1,249.2万",¥0.071506,¥172.09万,1.75亿,+5.65%
THPC-德扑币,"¥1,246.38万",¥0.003116,¥2917.34,40亿*,-12.98%
LET-林可爱,"¥1,244.44万",¥0.020741,"¥1,047.86万",6亿*,+0.45%
TOS-TOS,"¥1,236.76万",¥0.024735,¥70.99万,5亿*,+1.96%
CCC-控银币,"¥1,227.41万",¥0.013638,¥76949.81,9亿*,+8.07%
CONI-Coni Token,"¥1,217.31万",¥0.060865,¥87460.30,2亿,+3.14%
INC-影链,"¥1,210.18万",¥0.040339,¥120.96万,3亿,-7.80%
POCS-支付链,"¥1,169.4万",¥0.2924,¥20.08万,"4,000万",-12.64%
SSP-Smartshare,"¥1,158.15万",¥0.004633,¥278.44万,25亿,+37.34%
HOR-时光币,"¥1,140.44万",¥0.011880,¥45.57万,9.6亿*,+3.69%
GSC-光速链,"¥1,138.56万",¥0.032530,¥609.23万,3.5亿*,+23.28%
SAC-SAC,"¥1,137.3万",¥0.1580,¥69216.41,"7,200万*",+16.27%
BKK-币客币,"¥1,124.13万",¥0.1052,--,1.07亿*,+2.44%
DACS-DACSEE,"¥1,123.22万",¥0.015029,¥10.18万,7.47亿,+1.71%
UBEX-Ubex,"¥1,121.34万",¥0.003999,¥196.39万,28.04亿,+2.57%
TKGN-托肯卫士,"¥1,120.94万",¥0.050952,¥43945.17,2.2亿*,+5.81%
BKBT-币快报币,"¥1,109.67万",¥0.002774,¥33.44万,40亿,-15.28%
SOUL-Phantasma,"¥1,091.71万",¥0.1872,¥82.27万,"5,833.29万",+14.37%
UBT-Unibright,"¥1,088.42万",¥0.077985,¥46.53万,1.4亿,-2.91%
TOL-Tolar,"¥1,084.44万",¥0.034358,¥120.88万,3.16亿,+7.45%
PCH-POPCHAIN CASH,"¥1,080.79万",¥0.018013,¥77.49万,6亿*,-5.96%
NBC-Niobium Coin,"¥1,066.96万",¥0.2159,¥90650.40,"4,942.83万",+2.92%
CARD-Cardstack,"¥1,050.17万",¥0.004388,¥83.83万,23.93亿,+0.80%
KIND-Kind Ads Token,"¥1,048.29万",¥0.2968,¥3584.01,"3,531.96万",+9.32%
BXC-BonusCloud Token,"¥1,037.13万",¥0.007227,¥195.11万,14.35亿,-0.84%
OSCH-开源链,"¥1,027.68万",¥0.000642,¥13.81万,160亿*,-1.25%
MOL-摩尔,"¥1,024.98万",¥0.000802,¥874.35万,127.82亿*,+3.81%
MOF-分子未来,"¥1,005.54万",¥0.2011,¥183.49万,"5,000万*",+3.62%
FTT-FarmaTrust,¥994.39万,¥0.016573,¥28.39万,6亿,+2.80%
COIN-Coinvest,¥991.78万,¥0.8404,¥3058.50,"1,180.08万",-27.57%
KCASH-KCASH,¥987.9万,¥0.031755,¥240.32万,3.11亿,+2.46%
CZR-标准链,¥979.82万,¥0.031513,¥105.54万,3.11亿*,+13.94%
MAS-Midas Protocol,¥972.59万,¥0.037044,¥36.16万,2.63亿,+11.27%
PSM-普拉森,¥959.18万,¥0.004730,¥352.19,20.28亿,+16.72%
GEN-DAOstack,¥956.2万,¥0.2487,¥3701,"3,845.5万",+2.35%
PDX-PDX Blockchain,¥940.33万,¥0.004702,¥39.97万,20亿*,-2.63%
PXC-妖精币,¥932.5万,¥0.002487,--,37.5亿*,+11.63%
RMESH-RightMesh,¥909.24万,¥0.1515,¥47.91万,"5,999.97万",+1.17%
MR-怪兽,¥896.86万,¥0.1495,--,"6,000万*",+10.67%
BOX-ContentBox,¥891.48万,¥0.011886,¥92663.76,7.5亿,+0.41%
AIT-智能链,¥872.27万,¥0.013846,¥24.66万,6.3亿*,-5.42%
COMC-社区链,¥870.45万,¥0.2575,¥54310.21,"3,380万*",0%
VNX-VisionX,¥869.45万,¥0.002898,¥217.63万,30亿,-0.95%
BTMX-BTMX Token,¥849.41万,¥0.094379,--,"9,000万*",-3.85%
GENE-基因源码链,¥846.52万,¥0.021163,¥16.88万,4亿*,+1.42%
DTX-DaTa eXchange,¥843.19万,¥0.3815,¥13395.08,"2,209.99万",+23.33%
CNMC-农业生态链,¥837.51万,¥0.025379,¥18.66万,3.3亿*,+41.94%
BIKI-BIKI Token,¥830.41万,¥0.048280,--,1.72亿,-3.09%
XMX-XMAX,¥823.65万,¥0.001493,¥72.26万,55.15亿*,+3.39%
RED-红色令牌,¥817.69万,¥0.048100,¥43917.96,1.7亿*,+0.49%
BAI-BAIC,¥811.1万,¥0.000702,¥14.27万,115.5亿*,-12.42%
SS-豆匣,¥810.92万,¥0.028626,¥139.62万,2.83亿,-0.97%
FOXT-Fox Trading,¥810.17万,¥0.8972,¥161.09万,903万,+3.52%
STK-STK Token,¥808.39万,¥0.024874,¥18.61万,3.25亿*,+4.02%
EGT-Egretia Token,¥804.35万,¥0.002578,¥137.12万,31.2亿,+1.19%
DAG-DAG Token,¥803.32万,¥0.040166,¥39931.19,2亿*,+34.18%
LXT-闪付币,¥799.1万,¥0.011416,¥50.62万,7亿,+6.15%
SUSD-sUSD,¥796.58万,¥6.7304,¥14554.86,118.36万,+1.80%
MEET-CoinMeet,¥778.95万,¥0.038948,¥167.28万,2亿,+10.67%
LNC-Linker Coin,¥768.31万,¥0.068127,¥28758.53,1.13亿,+13.09%
BBC-Tradove B2BCoin,¥768.09万,¥0.015362,¥2489.03,5亿,-6.63%
DAX-DAEX,¥763.35万,¥0.021523,¥237.46万,3.55亿,-7.09%
DAG-Constellation,¥754.78万,¥0.011873,¥23.85万,6.36亿,+6.90%
GARD-Hashgard,¥754.71万,¥0.000486,¥163.22万,155.19亿,+6.36%
ARP-阿普协议,¥753.89万,¥0.030156,¥152.12,2.5亿,+2.66%
PC-推广链,¥748.98万,¥0.001498,¥30.16万,50亿,+4.20%
CBT-Commerceblock,¥747.24万,¥0.043129,¥3267.71,1.73亿,+149.56%
AT-AWARE Token,¥741.02万,¥0.024701,¥31870.20,3亿,-1.04%
ONL-On.Live,¥729.23万,¥0.3616,¥36.83万,"2,016.64万",+2.15%
KKG-KKGame Token,¥727.25万,¥0.002649,¥5096.23,27.46亿*,-1.99%
ETK-EnergiToken,¥726.25万,¥0.005329,¥12705.50,13.63亿,-5.30%
BOXX-BOXX Token,¥708.05万,¥0.3089,¥71.33万,"2,291.88万",+11.80%
CIT-海盗币,¥705.37万,¥0.015334,¥3557.70,4.6亿*,+823.06%
SNTR-Silent Notary,¥701.51万,¥0.00008404,¥63.69万,834.71亿,+4.73%
CP-CoinPark Token,¥696.35万,¥0.002533,--,27.49亿,+5.44%
WAB-WABnetwork,¥690.74万,¥0.000695,¥47793.91,99.4亿,+6.28%
PRMI-般若波罗蜜,¥689.62万,¥0.086203,--,"8,000万",-5.47%
OMX-Shivom,¥685.48万,¥0.010322,¥32502.04,6.64亿,-4.54%
AAA-AAAChain,¥684.28万,¥0.002281,¥41.84万,30亿*,+2.25%
ZPR-ZPER token,¥683.69万,¥0.007068,¥49.12万,9.67亿,+1.03%
VEX-Vexanium,¥683.62万,¥0.022651,¥10.39万,3.02亿,+0.62%
MT-MyToken,¥681.79万,¥0.007837,¥75.19万,8.7亿,+2.25%
RCCC-RCCC,¥681.58万,¥0.1136,¥95.02万,"6,000万*",+12.24%
CST-Cryptosolartech,¥681.23万,¥0.1060,¥16.01万,"6,427.88万",-2.35%
ABYSS-The Abyss,¥679.28万,¥0.030405,¥60.76万,2.23亿,-0.39%
EON-EON,¥677.88万,¥0.007532,¥24675.11,9亿*,-15.74%
LFT-Linfinity,¥675.08万,¥0.015002,¥39万,4.5亿,+7.17%
DIY-DIY链,¥658.77万,¥0.021959,¥85752.02,3亿*,-1.74%
OLT-OneLedger,¥658.04万,¥0.019377,¥127.05万,3.4亿,-0.10%
PNK-Pinakion,¥654.03万,¥0.037355,¥16749.60,1.75亿*,+0.06%
SVD-savedroid,¥645.96万,¥0.002403,¥3117.83,26.88亿,+4.18%
CAI-CAI,¥638.72万,¥0.000608,¥281.84万,105亿*,+1.86%
PYN-Paycent,¥637.05万,¥0.2078,¥12.69万,"3,066.28万",-29.84%
CCCX-Clipper Coin,¥630.77万,¥0.002523,--,25亿,+1.84%
KWATT-4NEW,¥624.21万,¥0.1143,¥38.52万,"5,461.37万",+0.64%
TOK-TOK Token,¥620.56万,¥0.041371,--,1.5亿*,+2.62%
BDT-BDT Token,¥620.02万,¥0.018138,¥2636,3.42亿,-22.01%
QOS-QOS Chain,¥615.67万,¥0.006157,¥37502.53,10亿,-12.18%
UNC-UniCoin,¥615.13万,¥0.000854,¥70944.13,72亿*,+6.16%
ADE-DMChain,¥601.74万,¥0.033430,¥279.46万,1.8亿*,+25.50%
0XBTC-0xBitcoin,¥582.13万,¥1.6580,¥202.95万,351.1万,+4.82%
EOP-柚子空间,¥581.52万,¥0.001938,¥35853.93,30亿*,-0.70%
QB-趣币,¥580.54万,¥0.5805,--,"1,000万*",-0.13%
HAND-梭哈,¥578.75万,¥0.00001447,¥70.61万,"4,000亿",+0.64%
ELI-Eligma Token,¥564.6万,¥0.040637,¥347.4万,1.39亿,-1.39%
RET-RealTract,¥564.2万,¥0.000940,¥53.79万,60亿,+3.27%
KC-千云链,¥552.02万,¥0.030668,¥78.46万,1.8亿*,+19.93%
BITX-BITX,¥548.25万,¥0.035736,¥64811.56,1.53亿,+3.08%
DAT-Datum,¥536.49万,¥0.005931,¥105.77万,9.05亿,+7.53%
FGC-法国菜,¥528.06万,¥0.015002,¥19.13万,3.52亿*,+0.05%
AIC-AI Crypto,¥524.8万,¥0.001749,¥74.86万,30亿,+1.62%
DAGT-DAGT,¥523.48万,¥0.2617,¥66289.51,"2,000万*",+6.97%
SCTK-SharesChain,¥520.71万,¥0.000651,--,80亿*,+21.50%
BSP-BSPNetwork,¥513.33万,¥0.048889,¥108.18万,1.05亿*,+24.98%
TGAME-Truegame,¥513万,¥0.062125,¥34.13万,"8,257.55万",+3.02%
18C-Block18,¥507.55万,¥0.011803,¥83.62万,4.3亿*,+3.80%
QBT-Qbao,¥503.75万,¥0.098775,¥35.52万,"5,100万",-0.42%
GET-Themis,¥503.63万,¥0.010073,¥11.53万,5亿,-1.29%
ABX-Arbidex,¥500.18万,¥0.2449,¥24.02万,"2,042.2万",+1.78%
STB-软资链,¥494.91万,¥0.032994,¥86.6万,1.5亿*,+3.14%
CB-COINBIG Token,¥492.9万,¥0.012323,--,4亿,+39.06%
PTT-质子链,¥482.91万,¥0.000878,¥23.9万,55亿*,-7.60%
HOTC-热度链,¥476.84万,¥0.015895,¥57.94万,3亿*,-20.86%
MTC-MTC Mesh Token,¥474.9万,¥0.011873,¥56181.45,4亿,+4.30%
HSC-哈希币,¥467.67万,¥0.000935,¥18732.85,50亿,+0.30%
SCC-SiaCashCoin,¥457.82万,¥0.000585,¥2990.38,78.25亿,+2.19%
ACAT-Alphacat,¥457.05万,¥0.001638,¥57.07万,27.9亿,-1.31%
IOV-车联网币,¥454.79万,¥0.003638,--,12.5亿,+4.77%
NPER-NPER,¥453.82万,¥0.090897,¥91409.69,"4,992.75万",+4.33%
CCL-CyClean,¥453.78万,¥0.006688,¥11478.92,6.78亿,-16.61%
BIZ-商链,¥448.6万,¥0.002991,¥4390.17,15亿*,+1.58%
INV-Invacio,¥448.14万,¥0.1372,¥10279.20,"3,265.62万",+9.95%
DIVX-Divi,¥445.89万,¥2.6369,¥175.30,169.1万,+6.63%
EDU-教育积分,¥444.32万,¥0.000741,¥195.88万,60亿*,+3.13%
VLD-Vetri,¥441.57万,¥0.020069,¥3561.16,2.2亿*,-25.09%
WAL-Whale Token,¥436.94万,¥0.058380,--,"7,484.35万",+7.75%
BTRCM-比特魔方,¥435.79万,¥0.1614,¥34.77万,"2,700万*",+15.77%
FACE-Faceter,¥434.94万,¥0.009242,¥73238.49,4.71亿,+9.58%
BUT-BitUP,¥429.6万,¥0.009547,¥29.73万,4.5亿*,-0.37%
UCN-优链,¥424.47万,¥0.014136,¥174.77万,3亿,+6.53%
CLN-Colu Local Network,¥419.19万,¥0.041350,¥11.92万,1.01亿,-1.38%
FTX-FintruX Network,¥409.79万,¥0.048210,¥313.15,"8,500万",+4.48%
AAC-锐角币,¥408.97万,¥0.016359,¥278.55万,2.5亿*,+2.39%
WIN-WinToken,¥407.61万,¥0.001294,¥87.81万,31.5亿*,+0.22%
EBKC-艾客部落,¥403.71万,¥0.006408,¥4061.68,6.3亿*,-29.64%
UC-优币,¥402.96万,¥0.001007,¥32196.82,40亿*,+1.36%
MLC-Mallcoin,¥397.52万,¥0.022568,--,1.76亿,-43.07%
FLP-Gameflip,¥396.45万,¥0.088633,¥29.51万,"4,473万*",+2.72%
XCEL-XcelToken,¥395.64万,¥0.053569,¥16.92万,"7,385.73万",-20.52%
TAT-乐块,¥392.38万,¥0.000785,¥15.21万,50亿*,-6.82%
PORTAL-Portal,¥380.27万,¥0.012676,¥50.61万,3亿*,+5.30%
HER-HeroNode,¥378.99万,¥0.003997,¥20.08万,9.48亿,-4.36%
SRCOIN-SRCOIN,¥371.64万,¥0.000736,¥58213.98,50.52亿,+1.67%
DB-数字区块,¥369.29万,¥0.005059,--,7.3亿*,+22.19%
LIKE-赞赏币,¥361.16万,¥0.007684,¥15.05万,4.7亿,-0.89%
SOP-SoPay,¥357.31万,¥0.007352,¥9237.94,4.86亿,-0.50%
SKYFT-SKYFT Token,¥356.88万,¥0.018844,¥56.74万,1.89亿*,-3.10%
CAN-CAN,¥355.76万,¥0.011859,¥18069.30,3亿*,+3.45%
EQUAD-QuadrantProtocol,¥353.74万,¥0.011803,¥41.24万,3亿,+16.32%
MX-抹茶,¥353.48万,¥0.011783,¥799.41万,3亿*,-1.30%
IMOS-智造链,¥352.72万,¥0.014109,¥31847.42,2.5亿*,-3.70%
THRT-Thrive Token,¥350.57万,¥0.033977,¥14.13万,1.03亿,+5.24%
EXT-历链,¥349.05万,¥0.000698,¥18.03万,50亿*,+14.93%
GUS-竞赛币,¥348.67万,¥0.009962,¥405.05,3.5亿*,+20.67%
TAC-溯源链,¥346.42万,¥0.011547,¥58.6万,3亿*,+10.39%
VCT-ValueCyber,¥343.88万,¥0.057314,¥31690.76,"6,000万*",+4.03%
ERT-Eristica,¥342.63万,¥0.020457,--,1.67亿,+7.70%
PT-Predict Token,¥340.67万,¥0.034067,¥437.5万,1亿,-0.54%
WIX-Wixlar,¥340.27万,¥0.1084,¥29524.40,"3,139.71万",-42.32%
VNT-维特链,¥333.8万,¥0.004769,¥17.37万,7亿*,+17.02%
PHI-PHI Token,¥332.18万,¥0.5712,¥682.74,581.58万,-3.51%
IFOOD-Ifoods Chain,¥330.58万,¥0.001322,¥34.66万,25亿*,+8.31%
HTB-HTB,¥329万,¥0.003290,¥93.71万,10亿*,+1.92%
LKN-LinkCoin Token,¥319.02万,¥0.006380,¥1695.19,5亿*,+7.21%
RCT-真链,¥315.84万,¥0.004512,¥94.83万,7亿*,-2.07%
CEN-CEN,¥309.37万,¥0.025781,--,1.2亿,+11.49%
DAN-Daneel,¥308.31万,¥0.074046,¥55583.04,"4,163.75万",-12.01%
OPX-Opes Protocol,¥307.4万,¥0.005123,--,6亿*,+0.25%
BETHER-Bethereum,¥301.52万,¥0.010550,¥41372.17,2.86亿*,+4.60%
LUC-Level Up Coin,¥291.38万,¥0.002923,¥2190.24,9.97亿,-3.54%
FREE-FREE Coin,¥265.44万,¥0.00000069,¥3031.36,3.83万亿,-0.30%
RLX-Relex,¥290.14万,¥0.002179,¥8146.35,13.32亿,-7.80%
RRC-RRCoin,¥287.66万,¥0.010654,¥13189.06,2.7亿,+5.35%
HB-HeartBout,¥285.62万,¥0.053693,¥121.17万,"5,319.53万",-1.56%
SEXC-ShareX,¥283.98万,¥0.003550,--,8亿,+3.51%
LION-Coin Lion,¥280.83万,¥0.087144,¥7880.65,"3,222.61万",+21.49%
MUSK-MUSK Token,¥277.67万,¥0.009256,¥137.58万,3亿*,+9.77%
ZIPT-Zippie,¥277.18万,¥0.011817,¥21979.37,2.35亿,+1.19%
ALC-Allcoin,¥274.5万,¥0.090689,¥4.7158,"3,026.78万",0%
CAF-方圆,¥272.9万,¥0.009097,¥48.36万,3亿*,-28.39%
NPXSXEM-Pundi X NEM,¥269.2万,¥0.002629,¥470.47万,10.24亿,+9.72%
LEDU-Education Ecosystem,¥268.98万,¥0.012350,¥0.3046,2.18亿*,-37.31%
TIC-Thingschain,¥267.64万,¥0.000234,¥33485.64,114.45亿,-12.31%
IONC-IONChain,¥265.42万,¥0.013271,¥58.81万,2亿,+4.66%
ORS-本源币,¥264.76万,¥0.022063,¥373.4万,1.2亿*,-2.19%
EDS-赞我股,¥261.54万,¥0.000262,¥102.81万,100亿*,+17.03%
REF-引荐令牌,¥261.48万,¥3.5701,¥17.85万,73.24万,+9.37%
CHL-Challenge DAPP,¥258.54万,¥0.000958,--,27亿*,+22.45%
RATING-DPRating,¥254.16万,¥0.001155,¥43.35万,22亿*,+5.12%
ALI-阿里币,¥252.95万,¥0.002017,¥20.18万,12.54亿*,-0.32%
ECOM-Ecom Chain,¥249.83万,¥0.000714,--,35亿,+15.96%
GENE-Parkgene,¥248.34万,¥0.008425,¥13.57万,2.95亿,+33.44%
PGD-火眼币,¥247.74万,¥0.045206,--,"5,480.26万*",+10.71%
TOP-TOP.ONE COIN,¥242.06万,¥0.001780,¥91331.05,13.6亿*,+1.50%
TIX-彩币,¥240.79万,¥0.00003648,¥30388.92,660亿,+5.07%
EJOY-ETHER JOY,¥238.67万,¥0.000216,¥26478.57,110.25亿,-3.63%
FREC-弗雷尔币,¥235.23万,¥0.004705,¥27.75万,5亿,+43.93%
IQN-IQeon,¥234.38万,¥0.8633,¥3340.46,271.5万,-1.69%
FISH-鱼币,¥221.45万,¥0.002768,¥35.8万,8亿*,+1.21%
STC-星链,¥221.35万,¥0.004427,¥148.61万,5亿,+2.06%
KNT-KNT,¥218.07万,¥0.007269,¥16.73万,3亿,+1.48%
DSCB-数据盾银行,¥215.37万,¥0.00007179,¥45.0329,300亿*,-8.10%
KRL-Kryll,¥212.28万,¥0.1785,¥11.57万,"1,189.12万",+3.93%
RPM-Repme,¥210.13万,¥0.00005801,¥154.2万,362.21亿,+1.93%
UCASH-UCASH,¥206.83万,¥0.001121,¥44.8万,18.45亿,+0.97%
BBO-Bigbom,¥205.22万,¥0.006072,¥110.32万,3.38亿,+11.00%
ABAO-阿拉丁钱包,¥203.96万,¥0.000386,--,52.8亿*,-4.11%
EAI-以太智联,¥203.01万,¥0.032482,¥170.04万,"6,250万",-6.33%
POK-PokerCoin,¥202.24万,¥0.011236,¥3455.45,1.8亿*,+4.18%
METM-MetaMorph,¥199.87万,¥0.028910,¥99815.51,"6,913.5万",+11.96%
RTB-AB-Chain RTB,¥194.92万,¥0.1297,¥40053.03,"1,503.06万",+17.85%
AUC-Auctus,¥190.99万,¥0.1120,¥112.91,"1,704.71万",+4.43%
CHT-热币,¥189.81万,¥0.028384,¥23787.89,"6,687.19万*",+5.13%
VSC-体育币,¥185.63万,¥0.006188,¥11.09万,3亿*,+8.92%
PMNT-Paymon,¥182.37万,¥0.002984,¥984.22,6.11亿,+5.16%
IDH-IDHub,¥182.16万,¥0.025704,¥135.87万,"7,086.62万*",+6.79%
BC-管家币,¥177.76万,¥0.026334,--,"6,750万",-23.92%
NAVI-Naviaddress,¥177.15万,¥0.007304,¥120.33万,2.43亿,+5.07%
JOT-JOT,¥173.6万,¥0.1924,¥43698.30,902.19万,-1.18%
RISK-RISK,¥169万,¥0.000422,¥83395.71,40亿*,-1.26%
S-沙皮,¥168.95万,¥0.001780,¥48599.38,9.49亿,+9.13%
FTXT-FUTURAX,¥165.99万,¥0.000487,¥48451.51,34.06亿,-5.06%
AIDT-AIDT,¥165.64万,¥0.1656,--,"1,000万*",+33.66%
FACC-FACC,¥165.26万,¥0.006886,¥31768.64,2.4亿*,+3.99%
ETHM-Ethereum Meta,¥159.65万,¥0.018138,¥52.1288,"8,802.2万",-14.24%
BPTN-名人链,¥154.63万,¥0.002577,¥3.0807,6亿*,-7.38%
TBT-Time Bank Token,¥154.36万,¥0.001544,¥703.50,10亿*,+4.54%
CYFM-CyberFM,¥147.02万,¥0.00002402,¥10212.46,612亿,-0.29%
BTK-Bitcoin Token,¥139.77万,¥0.000144,¥11405.40,96.84亿,+11.31%
ITL-Italian Lira,¥134.01万,¥0.000242,¥9885.64,55.37亿,+7.53%
MFG-SyncFab,¥133.71万,¥0.007691,¥93.02万,1.74亿,-11.01%
CG-数字艺术链,¥132.54万,¥0.044181,--,"3,000万*",-3.47%
BIT-BitRewards,¥131.73万,¥0.003896,¥20.65万,3.38亿*,-3.23%
MORE-More Coin,¥130.7万,¥0.6535,¥6417.79,200万,+4.27%
SHPING-Shping,¥129.87万,¥0.001663,--,7.81亿,+22.42%
PCCM-PCCM,¥121.54万,¥0.020256,¥52829.63,"6,000万*",-5.40%
TCASH-TCASH Token,¥121.38万,¥0.054732,¥22.91万,"2,217.73万*",+3.64%
MTRC-ModulTrade,¥117.73万,¥0.032420,¥26.68万,"3,631.58万*",+16.26%
ENGT-Engagement Token,¥116.03万,¥0.002794,¥18.74万,4.15亿,+11.35%
CFUN-CFun,¥114.67万,¥0.002867,¥13.01万,4亿,-32.09%
ELY-Elysian,¥110.77万,¥0.013506,¥100.05万,"8,201.08万",+5.87%
WEB-Webcoin,¥110.42万,¥0.032994,¥333.7万,"3,346.67万",+5.65%
ZINC-ZINC,¥105.95万,¥0.2912,¥22793.42,363.88万,+3.32%
ADI-Aditus,¥104.63万,¥0.004469,¥29.05万,2.34亿,+1.85%
GVE-世界村,¥104.52万,¥0.002323,¥90391.35,4.5亿,-2.63%
ENTS-EUNOMIA,¥103.5万,¥0.00006293,¥10292.77,164.47亿*,+0.78%
EVI-Evimeria,¥103.46万,¥0.00006667,¥484.41,155.19亿,+20.19%
HUR-Hurify,¥102.11万,¥0.005474,¥9311.53,1.87亿,-4.16%
UTO-优旅链,¥100.42万,¥0.1116,¥1402.42,900万*,-3.29%
WIZ-CrowdWiz,¥97.3万,¥0.1242,¥314.14,783.32万*,+7.34%
ZJLT-ZJLT,¥96.22万,¥0.001375,¥32.25万,7亿*,+8.03%
DIT-DIT,¥93.98万,¥0.004481,¥11617.03,2.1亿,-25.37%
NDX-nDEX,¥92.94万,¥0.00006203,¥21261.06,149.83亿,+4.32%
BIGE-BIGE,¥91.68万,¥0.1528,--,600万*,-0.08%
VOCO-Provoco Token,¥89.22万,¥0.006021,¥47.87万,1.48亿,-4.44%
TKA-Tokia,¥87.51万,¥0.020768,¥2471.44,"4,213.54万",+12.44%
BEFC-BEFC,¥85.93万,¥0.6667,¥26.66万,128.9万*,+2.97%
SER-Seratio Token,¥85.59万,¥0.028529,¥635.97,"3,000万*",+13.30%
HELP-GoHelpFund,¥84.67万,¥0.2692,¥37608.03,314.55万,-4.92%
NXCT-New XChain Token,¥84.11万,¥0.000572,--,14.7亿*,+6.04%
LOTO-Lotoblock,¥81.86万,¥0.000819,¥43382.97,10亿*,-29.17%
BCT-币森币,¥80.21万,¥0.001604,--,5亿,+3.53%
NER-Nerves,¥77.11万,¥0.000237,¥86.5095,32.59亿,+4.92%
DRCT-DRC Token,¥72.74万,¥0.005595,¥7608.79,1.3亿*,+3.91%
MASH-MASTERNET,¥70.48万,¥0.022243,¥17464.52,"3,168.67万",-3.15%
CRC-CryCash,¥70.36万,¥0.1546,¥3287.71,455.16万,-10.98%
DOR-Dorado,¥68.52万,¥0.001927,¥1225.75,3.56亿,+7.17%
JLL-教链,¥67.69万,¥0.000564,¥61878.16,12亿*,+10.70%
BMH-BlockMesh,¥67.67万,¥0.007553,¥1621.18,"8,959.85万",+12.30%
BCG-BCG Chain,¥66.9万,¥0.006690,¥36479.34,1亿*,-19.78%
KNT-Knekted,¥65.03万,¥0.003251,¥0.1814,2亿*,-1.26%
SOL-Sola Token,¥62.98万,¥0.021689,¥693.53,"2,903.92万",+0.48%
VAT-价值通证,¥59.21万,¥0.5921,--,100万*,-15.33%
IG-爱奇,¥57.23万,¥0.000311,¥43.44万,18.38亿,+0.97%
DTRC-Datarius Credit,¥55.54万,¥0.004347,"¥1,086.07万",1.28亿,+0.13%
WTE-Witee,¥55.16万,¥0.004598,¥3558.46,1.2亿*,-2.68%
PKG-PKG Token,¥54.89万,¥0.00006120,¥79921.08,89.69亿,+44.50%
VIEW-View,¥53.32万,¥0.015196,¥210.61,"3,508.83万",-21.33%
ECT-ECT,¥53.31万,¥0.000485,--,11亿*,+42.57%
FBN-Fivebalance,¥51.03万,¥0.00003129,¥57456.49,163.09亿*,+3.43%
LOVC-爱酒链,¥49.14万,¥0.000983,¥5148.22,5亿*,+3.25%
DART-DarexTravel,¥48.94万,¥0.00000582,¥6641.12,841.64亿,-18.45%
SOUL-CryptoSoul,¥45.48万,¥0.004203,¥42954.24,1.08亿*,+2.50%
BZ-BiClub Token,¥43.68万,¥0.020318,--,"2,150万*",+1.98%
WIT-智慧链,¥40.1万,¥0.000286,¥214.33万,14亿*,-30.96%
XOV-XOVBank,¥39.72万,¥0.005544,¥49230.88,"7,164.95万",-8.64%
VIKKY-VikkyToken,¥39.22万,¥0.000105,¥83659.19,37.27亿,+68.33%
VOC-语音链,¥38.39万,¥0.000768,¥4491.93,5亿,-27.05%
WTN-WaleTokeN,¥37.81万,¥0.00002582,¥18719.83,146.44亿*,+3.04%
TOTO-Tourist Token,¥37.75万,¥0.00008017,¥13.73万,47.1亿,+10.91%
SNR-SONDER,¥36.93万,¥0.003116,¥42703.84,1.19亿*,+2.38%
TYPE-Typerium,¥36.8万,¥0.004946,¥52.2264,"7,441.38万*",-39.09%
MORPH-Morpheus Network,¥36.09万,¥0.012170,¥2851.16,"2,965.77万",+9.99%
SAKE-SAKECOIN,¥34.81万,¥0.00008723,¥100.92,39.91亿*,+183.15%
CYMT-CyberMusic,¥34.63万,¥0.00002423,¥36489.86,142.94亿,+1.74%
CYL-Crystal Token,¥30.6万,¥0.5422,¥9.8989,56.44万,+1.16%
MICRO-Micromines,¥29.27万,¥0.00002091,¥5614.68,139.99亿*,+6.99%
NRP-Neural Protocol,¥28.73万,¥0.00003904,¥13.29万,73.58亿,+7.23%
NFSC-食安币,¥26.92万,¥0.00005607,--,48亿*,-0.14%
GRMD-GreenMed,¥24.24万,¥0.017051,¥1689.93,"1,421.91万",-8.03%
EES-超级能源,¥21.6万,¥0.044998,¥2051.23,480万*,-11.76%
ZNT-ZNT,¥20.71万,¥0.00003371,¥23106.13,61.41亿*,+3.18%
APC-Alpha Coin,¥18.74万,¥0.005065,¥57.4095,"3,700万",+34.77%
BTR-Bitether,¥18.51万,¥0.007830,¥25450.81,"2,364.22万",+4.92%
DATP-DATP,¥16.87万,¥0.00001862,¥15518.03,90.6亿,+4.67%
DELTA-DeltaChain,¥14.98万,¥0.00003344,¥16869.23,44.79亿,+3.93%
FNTB-Fintab,¥14.25万,¥0.051263,¥751.68,277.94万,+13.92%
HAVY-Havy,¥12.68万,¥0.00002492,¥22751.12,50.87亿,+6.82%
BNC-Bionic,¥12.47万,¥0.000233,¥64261.34,5.36亿,+10.96%
MFTU-MFTU,¥11.91万,¥0.000486,¥14184.01,2.45亿,+5.47%
JOINT-Joint Ventures,¥10.57万,¥0.004833,¥8970.37,"2,187.81万",+25.85%
UCC-U链,¥10.38万,¥0.003461,--,"3,000万*",0%
CTRT-Cryptrust,¥99074.55,¥0.00001869,¥16424.44,53亿,-16.08%
HEY-美丽链,¥98345.45,¥0.000983,¥64.3558,1亿*,-11.74%
IMP-IMP,¥85327.35,¥0.1933,¥42411.49,44.15万,+2.90%
BTCONE-BitCoin One,¥70889.58,¥0.007089,¥1930.84,"1,000万",+5.03%
YLC-YoloCash,¥68078.34,¥0.002308,¥8660.99,"2,949.94万",-8.88%
STR-Staker,¥51472.20,¥0.045967,¥24.9124,111.98万,-23.85%
CMCT-CMCT,¥42921.43,¥0.00000215,¥18211.49,200亿,+10.71%
AIRDROP-AirdropToken,¥36628.59,¥0.00002818,¥85441.19,13亿*,-3.70%
SIM-Simmitri,¥14647.06,¥0.016317,¥265.69,89.77万,+3.56%
MODX-MODEL-X-coin,¥14587.67,¥0.3332,¥33.6179,43783,+5.79%
CTIC3-Coimatic 3.0,¥9043.84,¥0.004003,¥12.0076,225.95万,+11.96%
WIKI-Wiki Token,--,¥2.5621,¥91.6万,--,+5.39%
F1C-Future1coin,--,¥0.014815,¥8224.85,--,-13.94%
XMCT-海医币,--,--,--,2.45亿,0%
ZBTC-中比特币,--,--,--,160万*,0%
HSN-Helper Search Token,--,¥0.00000644,¥44859.67,--,+3.33%
HERO-Hero,--,¥0.1887,¥703.36,--,-22.36%
IHF-IHF,--,¥0.1085,¥2216.34,--,-10.91%
IXE-IXTUS Edutainment,--,--,--,"2,384.97万",0%
JSE-JSEcoin,--,--,--,4.43亿*,0%
KAT-Kambria,--,¥0.2060,¥601.98万,--*,+1.09%
LML-LML,--,¥0.6694,¥39507.37,--,0%
MESSE-MESSE TOKEN,--,¥0.1069,¥38.96万,--,-8.94%
MOM-MomToken,--,--,--,1亿*,0%
MVPT-MVPT,--,--,--,6亿*,0%
NEAL-Coineal Token,--,¥0.033229,--,--*,+10.85%
3DB-三点半,--,--,--,20亿*,0%
AAA-Abulaba,--,¥0.008543,¥4497.40,--,-5.51%
OPQ-Opacity,--,¥0.1442,¥30679.20,--*,+4.36%
PASS-Blockpass,--,--,--,1.14亿,0%
PLY-PlayCoin [QRC20],--,¥0.2472,"¥1,244.13万",--,-2.12%
BUNNY-BunnyToken,--,--,--,1.18亿,0%
C2C-C2C System,--,--,--,3亿,0%
CARAT-CARAT,--,¥7.6130,¥117.2万,--,+5.09%
SHDW-Shadow Token,--,--,--,700万,0%
CEFS-CryptopiaFeeShares,--,¥2140.95,¥13411.42,--,+14.24%
CRE-Cybereits,--,¥0.007310,¥18761.99,--,+5.23%
DACC-DACC,--,¥0.000928,¥120.95万,--,-3.16%
DAXT-DAXT,--,¥0.042312,¥168.80,--,-0.41%
TDC-Trendercoin,--,--,--,--,0%
TKT-Twinkle,--,¥0.023316,¥91.88万,--,+69.50%
ESS-Essentia,--,¥0.008626,¥106.41万,--,+12.32%
ETU-以太宇宙,--,--,--,450亿*,0%
EXMR-EXMR,--,--,--,"1,182.01万",0%
VTHO-雷神之能,--,¥0.002371,¥97.36万,--,-4.26%
FFF-FFF News,--,--,--,--*,0%
FLOT-Fire Lotto,--,¥0.1348,¥2241.26,--,-9.34%
PWV-Wavebase,--,--,--,--,0%
WELL-WELL,--,--,--,"7,007.51万",0%
GEM-Gems,--,¥0.007304,¥9619.80,--*,-2.00%
HOLD-HOLD,--,¥0.004529,--,--,+9.02%
LST-LST,--,¥0.004743,¥2848.25,--,+2.73%
LSTR-Luna Stars,--,--,--,--,0%
ONE-Menlo One,--,--,--,3亿,0%
MGXT-MGCoinXT,--,--,--,1亿*,0%
MOC-Moss Coin,--,--,--,--,0%
MOZO-Mozo Token,--,--,--,7.57亿,0%
NEP-奶瓶,--,--,--,8亿*,0%
ALX-ALAX,--,¥0.019820,¥1180.82,--,+3.58%
ALT-Alt.Estate token,--,--,--,7.06亿,0%
ACTP-ACTP,--,--,--,48.35亿,0%
ATD-Atidium,--,--,--,--*,0%
NET-Nimiq Exchange Token,--,--,--,"1,050万",0%
OAS-OASES CHAIN,--,¥0.002002,¥5131.39,--*,-4.70%
BOB-Bob's Repair,--,--,--,"7,828.63万",0%
BUBO-Budbo,--,--,--,--,0%
PGT-Puregold Token,--,--,--,--,0%
WTL-Welltrado,--,--,--,"3,709.76万",0%
GEM-Gems,--,¥0.007305,¥9625.81,--*,-2.00%
HOLD-HOLD,--,¥0.004532,--,--,+9.02%
LST-LST,--,¥0.004741,¥2851.06,--,+2.73%
LSTR-Luna Stars,--,--,--,--,0%
ONE-Menlo One,--,--,--,3亿,0%
MGXT-MGCoinXT,--,--,--,1亿*,0%
MOC-Moss Coin,--,--,--,--,0%
MOZO-Mozo Token,--,--,--,7.57亿,0%
NEP-奶瓶,--,--,--,8亿*,0%
BTB-BiTBrothers,--,--,--,"3,456万*",0%
ONE-ONE Token,--,--,--,3.03亿,0%
OPEN-Open Platform,--,--,--,4.36亿,0%
BKB-币客积分,--,¥0.8254,--,--*,+5.02%
CAR-CarBlock,--,¥0.005849,¥33.6万,--,+0.42%
CEDEX-CEDEX Coin,--,¥0.2608,¥4410.54,--,+9.52%
RPD-Rapids,--,--,--,24.07亿,0%
REPO-Repo Coin,--,--,--,1.1亿,0%
CRBC-国际文博链,--,--,--,5亿*,0%
AOG-smART OF GIVING,--,--,--,"5,969.19万",0%
DKKT-DKK Token,--,--,¥52.43万,1亿*,0%
DOW-Dowcoin,--,--,--,--,0%
SNX-SNX,--,--,--,"6,748.23万",0%
DSCOIN-天网,--,--,--,60亿*,0%
BLACK-eosBLACK,--,¥0.1765,¥4830.43,--,+28.20%
BLUE-Blue Protocol,--,--,--,"3,664.53万",0%
UDOO-uDoo,--,¥0.099342,¥28.6万,--,+0.04%
EVN-EvenCoin,--,--,--,"1,894.54万",0%
GCT-GeekChain,--,--,--,--*,0%
GGPC-GGPC,--,--,--,189亿*,0%
XPO-神秘链,--,--,--,40亿*,0%
YEX-YEX Token,--,--,--,420.24万*,0%
GOT-GOToken,--,¥4.0126,¥27203.99,--*,+3.44%
ZAG-战歌,--,--,--,"5,000万*",0%
ZEUS-Zeus Crowdfunding,--,--,--,700亿,0%
ICNQ-Iconiq Lab Token,--,¥0.3171,¥13.61万,--,-14.83%
INCO-Incodium,--,--,--,--*,0%
FKX-Knoxstertoken,--,--,--,1.15亿,0%
LMM-LMM,--,--,--,7亿*,0%
MLC-Mallcoin,--,--,--,1.76亿,-62.94%
NEC-Nectar,--,--,--,"8,235.3万",0%
ABLX-ABLE,--,¥0.001098,¥19.1万,--,+2.12%
ALTX-Alttex,--,--,--,--,0%
BFF-BFFDoom,--,--,--,--,0%
OBX-OBXcoin,--,¥0.001459,¥134.56,--*,+55.31%
BITS-Bitcoinus,--,--,--,"4,529.43万*",0%
PXG-PlayGame,--,¥0.034047,¥636.78万,--*,-3.41%
XPX-ProximaX,--,¥0.029269,¥603.93万,--,+1.15%
C8-C8,--,--,--,"5,117.62万",0%
CODY-Coindy,--,¥0.014063,--,--*,+3.50%
ROBET-RoBET,--,--,--,79.87万,0%
CJT-ConnectJob,--,--,--,1.13亿,0%
SFU-Saifu,--,--,--,--,0%
CPLO-Cpollo,--,--,--,81.52亿,0%
CRO-CRO,--,¥0.096448,¥423.49万,--,0%
TMC-Timicoin,--,¥0.1828,¥10518.49,--*,+11.82%
UPP-Sentinel Protocol,--,¥0.095513,"¥1,475.45万",--*,+7.13%
IQ-Everipedia,--,¥0.017041,¥60.17万,--,+1.99%
ACDC-Volt,--,¥0.004966,¥111.12万,--,-6.01%
FRV-Fitrova,--,--,--,75.89亿,0%
WECC-授权链,--,--,--,19.2亿*,0%
FND-FundRequest,--,--,--,"4,707.07万",0%
WLO-Wollo,--,--,--,--*,0%
GU-谷腾,--,--,--,71亿*,0%
HHT-H网通证,--,--,--,"3,000万*",0%
ICST-ICST,--,--,--,9亿*,0%
SEE-Insee Coin,--,¥0.099619,¥17.09万,--*,+2.64%
LIVE-Live Stars,--,--,--,"3,973.09万",0%
MIB-MIB Coin,--,¥0.1444,¥108.83万,--,+2.78%
MIC-Mindexcoin,--,--,--,"1,303.73万",0%
NC-NewChat,--,--,--,30亿*,0%
NT-币诺币,--,¥0.002120,¥7059.20,--*,-0.21%
NUG-Nuggets,--,¥0.001556,--,--,+29.90%
BTNT-BitNautic Token,--,¥0.035480,¥7576.79,--,+12.54%
BC-Block-Chain.com,--,¥0.1946,¥93.4074,--,-3.69%
BOE-菩提以太,--,¥0.1194,¥65330.01,--*,+1.93%
BDB-Btcdo Token,--,--,--,--*,0%
CPG-Castle Peak Game,--,--,--,"7,350万*",0%
CEN-Centaure,--,--,--,--,0%
RGS-RusGas,--,--,--,34.16亿,0%
SPN-Sapien,--,--,--,2.01亿,0%
CHE-CHE,--,--,--,--,0%
CXE-CXE,--,--,--,2亿,0%
SPD-SPINDLE,--,¥0.006637,¥21.1万,--,-17.16%
SURE-SURETY,--,--,--,--,0%
DRINK-酒水链,--,¥6.4631,"¥1,163.92万",--*,-1.52%
UET-UET,--,--,--,396.57万,0%
EZW-EZOOW,--,--,--,111.31亿*,0%
FI-FInsur,--,¥0.048525,--,--*,-5.61%
FSBT-Forty Seven Bank,--,¥0.8648,"¥1,077.84万",--,+0.15%
FRES-FRESCO Network,--,--,--,--*,0%
FUNDZ-FundToken,--,--,--,--,0%
GEEK-极客链,--,--,--,6.13亿*,0%
XRA-Xriba,--,¥0.1946,¥21038.43,--,+20.09%
HAT-Hat.Exchange,--,--,--,144.64万,0%
IFTC-IFTC,--,--,--,11亿*,0%
IMCS-摩斯币,--,--,--,4亿*,0%
INCX-INCX,--,¥0.013565,¥21.91万,--,+6.23%
IVN-量子加密币,--,--,--,193.8亿*,0%
KBC-Karatgold Coin,--,¥0.092563,¥75.16万,--,+7.85%
DRINK-酒水链,--,¥6.4915,"¥1,163.92万",--*,-2.10%
UET-UET,--,--,--,396.57万,0%
EZW-EZOOW,--,--,--,111.31亿*,0%
FI-FInsur,--,¥0.048525,--,--*,-5.61%
FSBT-Forty Seven Bank,--,¥0.8905,"¥1,077.84万",--,+0.15%
FRES-FRESCO Network,--,--,--,--*,0%
GMB-Gamb,--,¥0.002489,¥11.34万,--*,+5.39%
HLD-HyperLending,--,--,--,1亿*,0%
MC-Market Coin,--,--,--,2亿*,0%
MXM-MaxiMine,--,¥0.075149,¥503.95万,--*,+1.01%
MEDX-MediBlocX,--,¥0.022566,¥358.15万,--*,+2.49%
NAM-NAM COIN,--,¥0.000598,¥3094.86,--,+5.50%
AGLT-Agrolot,--,--,--,--,0%
BEAT-BEAT,--,¥0.009936,¥12.47万,--*,-19.69%
BGG-Bgogo Token,--,¥0.008731,--,--,+6.73%
NGOT-恩玖币,--,--,--,12亿*,0%
NOBS-No BS Crypto,--,¥0.000961,¥109.86万,--,+4.97%
NUSD-NUSD,--,--,--,151.65万,0%
BOID-BOID,--,¥0.001313,¥5142.71,--*,-1.57%
BRZC-Breeze Coin,--,¥1.6417,¥8449.87,--*,+7.53%
PLAT-Platinum,--,¥0.003573,--,--,+20.08%
XCD-Capdax Token,--,--,--,--,0%
QBIT-Qubitica,--,--,--,--,0%
RTE-Rate3,--,¥0.008801,¥50.94万,--,+0.10%
RCD-RECORD Foundation,--,--,--,--,0%
COO-COO币,--,¥0.5020,¥62.3万,--*,-1.09%
SHOP-Shopin,--,¥0.049031,¥32688.13,--,+6.73%
SAT-SAT,--,¥0.008766,¥27623.81,--,+0.81%
DAV-DAV Token,--,¥0.019173,¥121.43万,--,-2.55%
SGCC-超级游戏链,--,--,--,--,0%
TTV-TV-TWO,--,--,--,4.08亿,0%
EXC-Eximchain,--,--,¥78815.26,"6,730.64万",0%
FOAM-FOAM Token,--,¥0.2270,¥126.96万,--,+5.47%
WYS-wys Token,--,--,--,--,0%
XYT-柔付币,--,--,--,1.39亿*,0%
XTRD-XTRD,--,¥0.004836,--,--,+35.78%
YCCC-小众文化,--,--,--,"2,200万*",0%
HYB-Hybrid Token,--,¥0.015586,¥9449.59,--*,+8.27%
HPS-HYPER PLAY,--,--,--,"4,500万*",0%
KXC-KingXChain,--,¥0.00001530,¥35394.47,--,-11.95%
MET-Metronome,--,¥3.8582,¥176.54万,--,+4.24%
MOLK-MobilinkToken,--,--,--,--,0%
NTK-NetKoin,--,¥0.000143,¥669.93,--*,+3.34%
ONOT-ONO,--,¥0.002554,¥156.43万,--*,-0.77%
ORS-ORS Group,--,--,--,--,0%
BCDT-BCDT,--,--,¥748.65,"3,113.81万",0%
BBK-Brickblock,--,¥0.002294,¥156.42,--,-36.28%
SET-点集网络,--,--,--,63亿*,0%
PUN-Punch Token,--,¥0.000816,¥5060.59,--*,+3.99%
MVP-冠军币,--,--,--,4亿*,0%
CMIT-CMITCOIN,--,--,--,--,0%
CSM-嘉信,--,¥18.8623,¥89755.44,--,+84.49%
SEAL-Seal Network,--,--,--,4.98亿,0%
SEC-赛克,--,--,--,69亿*,0%
YUP-Crowdholding,--,--,--,1.49亿,0%
SLT-SLT,--,¥0.017421,¥63594.10,--,-3.60%
DANG-当当链,--,--,--,4亿*,0%
DELC-Delink,--,¥0.081547,¥96.3万,--*,-6.70%
SET-SET,--,--,--,--,0%
THM-Themis Chain,--,¥0.001873,¥33821.35,--*,+4.64%
EST-电竞币,--,--,--,2亿*,0%
UBC-Ubcoin Market,--,--,--,--,0%
UICC-联养链,--,¥0.2220,¥39.36万,--*,-7.87%
USDC-USD Coin,--,¥6.9734,"¥6,849.23万",--*,-0.09%
UST-链云,--,¥0.030453,¥92846,--*,+2.97%
VSTR-Vestoria,--,--,--,--,0%
WIT-万通宝,--,¥0.2479,¥3507.96,--*,+4.43%
GST-Game Stars,--,¥0.002312,¥248.22万,--,+21.45%
GZE-盖思币,--,¥0.077946,¥79111,--,+5.69%
XPS-超级买,--,--,--,50亿*,0%
XRT-THE X-FACTOR,--,¥0.000156,¥351.43,--,-0.62%
HQT-HyperQuant,--,¥0.029504,¥111.39万,--*,-1.16%
IX-IX Token,--,--,--,2.7亿*,0%
JS-JavaScript Token,--,--,--,799.2万,0%
LEMO-LemoChain,--,¥0.022587,¥14.63万,--,+11.54%
LINA-Lina Review,--,¥0.1006,¥24.54万,--,-1.12%
LTH-路德链,--,--,--,3亿*,0%
MAC-婚链,--,--,--,"5,000万*",0%
ZXC-0xcert,--,¥0.011550,¥75.27万,--,+6.30%
ATMI-Atonomi,--,¥0.010116,¥29.64万,--*,+6.78%
BGX-比格币,--,¥0.001779,¥120.16万,--*,-11.69%
NOS-nOS Token,--,¥0.2717,¥109.43万,--*,+1.62%
RDC-Ordocoin,--,¥0.00004868,¥25927.30,--,+107.37%
BMC-BitMart Coin,--,¥0.063031,¥189.51,--,-3.60%
PKC-PikcioChain,--,--,--,"4,326.78万",0%
POSS-Posscoin,--,--,--,--*,0%
RBF-彩虹币,--,--,--,635万*,0%
CPS-币爪世界,--,--,--,26.4亿*,0%
SAL-SalPay,--,--,--,--,0%
COU-Couchain,--,¥0.00005069,¥11.05万,--,+16.51%
SGN-Signals Network,--,--,--,"8,800.12万",0%
CVH-简历链,--,¥0.006731,¥18.8568,--,-0.47%
SPND-Spendcoin,--,¥5.8184,--,--,+10.97%
TALAO-Talao,--,--,--,"1,022.69万",0%
ESHIP-ESHIP,--,--,--,--,0%
FT-Fabric Token,--,--,--,"2,459.36万",0%
VDG-VeriDocGlobal,--,¥0.016625,¥4399.60,--,+4.85%
FEX-FEX Token,--,--,--,"1,184万*",0%
VPP-VPP,--,¥0.000149,¥159.19,--*,+9.38%
FMF-宝岛金融,--,¥0.009618,¥32.45万,--,-0.64%
WT-WeToken,--,¥0.006938,¥14.35万,--,-9.14%
